# ************************************************************
# Sequel Pro SQL dump
# Version 4541
#
# http://www.sequelpro.com/
# https://github.com/sequelpro/sequelpro
#
# Host: 127.0.0.1 (MySQL 5.6.37)
# Database: restful
# Generation Time: 2018-02-02 07:02:43 +0000
# ************************************************************


/*!40101 SET @OLD_CHARACTER_SET_CLIENT=@@CHARACTER_SET_CLIENT */;
/*!40101 SET @OLD_CHARACTER_SET_RESULTS=@@CHARACTER_SET_RESULTS */;
/*!40101 SET @OLD_COLLATION_CONNECTION=@@COLLATION_CONNECTION */;
/*!40101 SET NAMES utf8 */;
/*!40014 SET @OLD_FOREIGN_KEY_CHECKS=@@FOREIGN_KEY_CHECKS, FOREIGN_KEY_CHECKS=0 */;
/*!40101 SET @OLD_SQL_MODE=@@SQL_MODE, SQL_MODE='NO_AUTO_VALUE_ON_ZERO' */;
/*!40111 SET @OLD_SQL_NOTES=@@SQL_NOTES, SQL_NOTES=0 */;


# Dump of table migrations
# ------------------------------------------------------------

DROP TABLE IF EXISTS `migrations`;

CREATE TABLE `migrations` (
  `id` int(10) unsigned NOT NULL AUTO_INCREMENT,
  `migration` varchar(191) COLLATE utf8mb4_unicode_ci NOT NULL,
  `batch` int(11) NOT NULL,
  PRIMARY KEY (`id`)
) ENGINE=InnoDB DEFAULT CHARSET=utf8mb4 COLLATE=utf8mb4_unicode_ci;

LOCK TABLES `migrations` WRITE;
/*!40000 ALTER TABLE `migrations` DISABLE KEYS */;

INSERT INTO `migrations` (`id`, `migration`, `batch`)
VALUES
	(1,'2014_10_12_000000_create_users_table',1),
	(2,'2014_10_12_100000_create_password_resets_table',1),
	(3,'2018_02_02_060438_create_products_table',1),
	(4,'2018_02_02_060455_create_reviews_table',1);

/*!40000 ALTER TABLE `migrations` ENABLE KEYS */;
UNLOCK TABLES;


# Dump of table password_resets
# ------------------------------------------------------------

DROP TABLE IF EXISTS `password_resets`;

CREATE TABLE `password_resets` (
  `email` varchar(191) COLLATE utf8mb4_unicode_ci NOT NULL,
  `token` varchar(191) COLLATE utf8mb4_unicode_ci NOT NULL,
  `created_at` timestamp NULL DEFAULT NULL,
  KEY `password_resets_email_index` (`email`)
) ENGINE=InnoDB DEFAULT CHARSET=utf8mb4 COLLATE=utf8mb4_unicode_ci;



# Dump of table products
# ------------------------------------------------------------

DROP TABLE IF EXISTS `products`;

CREATE TABLE `products` (
  `id` int(10) unsigned NOT NULL AUTO_INCREMENT,
  `name` varchar(191) COLLATE utf8mb4_unicode_ci NOT NULL,
  `detail` text COLLATE utf8mb4_unicode_ci NOT NULL,
  `price` int(11) NOT NULL,
  `stock` int(11) NOT NULL,
  `discount` int(11) NOT NULL,
  `created_at` timestamp NULL DEFAULT NULL,
  `updated_at` timestamp NULL DEFAULT NULL,
  PRIMARY KEY (`id`)
) ENGINE=InnoDB DEFAULT CHARSET=utf8mb4 COLLATE=utf8mb4_unicode_ci;

LOCK TABLES `products` WRITE;
/*!40000 ALTER TABLE `products` DISABLE KEYS */;

INSERT INTO `products` (`id`, `name`, `detail`, `price`, `stock`, `discount`, `created_at`, `updated_at`)
VALUES
	(1,'porro','Esse aliquam dolores id cum voluptatem. Ut culpa vel culpa molestiae facere cupiditate a. Rerum odio ut dolore neque vel aut. Eaque accusamus corrupti laudantium porro sapiente aspernatur. Autem aliquid voluptatem natus quibusdam velit eaque enim.',388,2,11,'2018-02-02 07:00:08','2018-02-02 07:00:08'),
	(2,'ipsa','Et dicta enim tempore excepturi. Ullam praesentium quia nam et eaque qui ut. Doloremque odit qui enim repudiandae voluptas necessitatibus.',336,4,23,'2018-02-02 07:00:08','2018-02-02 07:00:08'),
	(3,'nostrum','Dolore dicta sed quo consequatur quia. Voluptatem corporis eos harum vel fugit nihil. Dolorem modi illo commodi non est mollitia. Maiores repellendus rem laudantium sint non laborum vel.',944,5,27,'2018-02-02 07:00:08','2018-02-02 07:00:08'),
	(4,'quis','Nemo ad ea dolor qui voluptates inventore. Laboriosam aspernatur ratione doloribus dicta molestiae ea. Porro esse aliquam cupiditate cumque nisi natus. Id animi commodi vero sint labore.',174,4,9,'2018-02-02 07:00:08','2018-02-02 07:00:08'),
	(5,'provident','Ipsam voluptates sed illum autem maiores non nulla. Maiores laboriosam dolores necessitatibus ut. At sit cupiditate amet nesciunt necessitatibus.',695,0,5,'2018-02-02 07:00:08','2018-02-02 07:00:08'),
	(6,'possimus','Consectetur cupiditate est perspiciatis quo optio. Quidem nihil optio illo quibusdam perferendis aperiam omnis. Omnis sed ut voluptatem.',745,9,21,'2018-02-02 07:00:08','2018-02-02 07:00:08'),
	(7,'et','Natus dolor pariatur quia est error aperiam. Odit ea delectus sit dolorem. Repudiandae omnis ut quia natus sed vitae. Omnis magnam culpa optio eveniet enim. Ducimus molestiae consequatur est consequuntur cum eum ut.',134,6,2,'2018-02-02 07:00:08','2018-02-02 07:00:08'),
	(8,'repellat','Cum nesciunt architecto cupiditate. Corporis voluptatum voluptas ut sit nemo tempora accusantium repudiandae. Voluptatum modi assumenda ut suscipit et veniam reprehenderit amet. Sed est ad quaerat quia.',133,5,22,'2018-02-02 07:00:08','2018-02-02 07:00:08'),
	(9,'deleniti','Eligendi adipisci dolor neque sit omnis ut ut. Culpa provident non vitae id suscipit ut. Qui culpa id nulla occaecati exercitationem. Deleniti quibusdam rerum qui eum deleniti.',998,0,18,'2018-02-02 07:00:08','2018-02-02 07:00:08'),
	(10,'officiis','Vero praesentium quos sed expedita. Ab et quia vitae et eum aspernatur eos. Amet pariatur enim quo corporis nobis est.',427,9,18,'2018-02-02 07:00:08','2018-02-02 07:00:08'),
	(11,'autem','Reiciendis quaerat ut quia delectus vitae. Alias officia sit molestiae sequi eum alias. Quisquam corrupti molestiae cumque dolorem. Eum voluptates error quia deserunt alias optio qui. Laborum rem et iusto id rerum molestiae possimus.',497,3,3,'2018-02-02 07:00:08','2018-02-02 07:00:08'),
	(12,'iste','Voluptas maxime fugiat ut ea dicta perspiciatis ut. Molestiae cupiditate aspernatur vel nesciunt. Quia dignissimos neque sed sunt qui rem iusto.',639,5,3,'2018-02-02 07:00:08','2018-02-02 07:00:08'),
	(13,'voluptatem','Eum autem saepe amet consequatur ullam ipsam nihil. Non et sit maiores quibusdam omnis. Similique veritatis nobis architecto ut.',216,3,6,'2018-02-02 07:00:08','2018-02-02 07:00:08'),
	(14,'explicabo','Hic voluptate praesentium commodi atque ullam amet. Et beatae sed rerum aliquid quisquam aut consequuntur. Reiciendis eos quasi aut magnam quaerat.',960,1,2,'2018-02-02 07:00:08','2018-02-02 07:00:08'),
	(15,'fugit','Numquam eum aspernatur nisi velit consectetur quia quas. Hic perferendis non harum aut aut ea. Magnam temporibus ab consequatur consequatur. Eligendi consequatur quis voluptatum quas sint totam sit enim.',226,6,27,'2018-02-02 07:00:08','2018-02-02 07:00:08'),
	(16,'et','Qui dignissimos laboriosam aut labore est. Atque reiciendis quasi maxime a autem nesciunt. Nihil ut dicta ut molestias.',316,4,15,'2018-02-02 07:00:08','2018-02-02 07:00:08'),
	(17,'eos','Omnis molestias magnam sunt assumenda in voluptatem ad tenetur. Consequatur qui ut totam adipisci. Enim assumenda tenetur atque dolorem molestiae eos.',878,9,4,'2018-02-02 07:00:08','2018-02-02 07:00:08'),
	(18,'et','Nostrum odio officiis alias dolorem modi id id excepturi. Aut ullam corporis quasi asperiores delectus iusto non. Exercitationem sint et consequatur illum et sunt cumque.',151,6,27,'2018-02-02 07:00:08','2018-02-02 07:00:08'),
	(19,'voluptatem','Dicta consequuntur quam vero dolor est. Ab minima vero aut est enim. Et asperiores culpa animi. Magnam nulla omnis mollitia deleniti tempore ducimus rerum.',705,5,4,'2018-02-02 07:00:08','2018-02-02 07:00:08'),
	(20,'in','In et aut voluptatem et quis rerum. Porro unde temporibus aperiam at sapiente commodi nulla. In corporis error veritatis. Illum earum voluptatum corporis praesentium similique ratione.',837,0,21,'2018-02-02 07:00:08','2018-02-02 07:00:08'),
	(21,'aliquid','Incidunt voluptate voluptatem architecto non. Ut perspiciatis et harum est eum. Sit esse ipsa distinctio provident nihil aut eveniet. Optio beatae provident deserunt culpa officiis ab.',139,7,5,'2018-02-02 07:00:08','2018-02-02 07:00:08'),
	(22,'accusamus','Expedita possimus error voluptas dignissimos itaque rem voluptates. Quos sed alias deleniti quam libero dicta. Qui iste laudantium itaque aliquam.',269,4,7,'2018-02-02 07:00:08','2018-02-02 07:00:08'),
	(23,'libero','Rerum animi consequatur perspiciatis adipisci. Voluptas enim voluptatem quis facere. Sed nesciunt non quia et minima soluta aut. Quaerat nisi praesentium tenetur omnis similique.',300,1,26,'2018-02-02 07:00:08','2018-02-02 07:00:08'),
	(24,'accusamus','Vero mollitia laboriosam et tempore sunt officia. Tenetur distinctio suscipit id odit eligendi velit. Qui maiores necessitatibus accusantium omnis.',481,6,4,'2018-02-02 07:00:08','2018-02-02 07:00:08'),
	(25,'impedit','Sed vitae voluptatem est saepe. Eos eum enim inventore quis. Fuga laudantium aperiam aut minima veritatis sunt. Aliquam enim qui dolorum et quasi voluptatem autem.',633,3,30,'2018-02-02 07:00:08','2018-02-02 07:00:08'),
	(26,'soluta','Consequatur qui veritatis sint nostrum itaque. Voluptatem fuga et maiores impedit harum. Illum molestias beatae dolor debitis quia nesciunt. Sed beatae ut ipsa est cupiditate.',450,3,22,'2018-02-02 07:00:08','2018-02-02 07:00:08'),
	(27,'rerum','Voluptatum ut et explicabo quibusdam et facilis. Earum facilis expedita nam dolores cupiditate vitae facere perspiciatis. Quae quia dignissimos ea at tempore et voluptatem.',280,2,13,'2018-02-02 07:00:08','2018-02-02 07:00:08'),
	(28,'a','Culpa maiores sint omnis recusandae et. Autem voluptatem in libero qui similique. Optio minima ut earum amet at nobis. Voluptatem corrupti vitae quisquam ex voluptatem at. Laudantium beatae et consequatur quos.',323,6,8,'2018-02-02 07:00:08','2018-02-02 07:00:08'),
	(29,'aperiam','Sapiente mollitia dolorum ut blanditiis qui molestiae eaque. Laborum officia vel deserunt exercitationem consequatur. Laboriosam deserunt blanditiis dolor voluptas.',957,9,10,'2018-02-02 07:00:08','2018-02-02 07:00:08'),
	(30,'ut','Beatae ea autem unde eos tempora velit eligendi. Natus recusandae qui saepe esse. Voluptatem ipsam est vitae mollitia quis voluptatem cumque consequuntur.',103,6,22,'2018-02-02 07:00:08','2018-02-02 07:00:08'),
	(31,'ipsam','Quos dolorem reprehenderit deserunt quos odio adipisci. Deleniti recusandae dolore reprehenderit placeat velit recusandae sit. Sunt libero ipsam quo voluptas. Et voluptatem saepe voluptatum qui sint.',489,4,16,'2018-02-02 07:00:08','2018-02-02 07:00:08'),
	(32,'sunt','Repudiandae ex quas nesciunt quod fuga sed. Rem voluptas illum eveniet deleniti et quod atque. Accusantium molestiae et quia eveniet dolorum est. Natus quo aut dolorem asperiores dolor inventore eos.',608,7,23,'2018-02-02 07:00:08','2018-02-02 07:00:08'),
	(33,'vel','Deserunt perspiciatis iure saepe omnis sed quidem sit. Cumque eligendi voluptas deserunt cum. Architecto quia est eius dolorem modi aperiam quam nisi. Qui qui dolores assumenda magnam molestias et ullam id.',575,9,20,'2018-02-02 07:00:08','2018-02-02 07:00:08'),
	(34,'voluptates','Ex assumenda voluptas cumque reprehenderit et. Rerum non dolores et provident laudantium recusandae. Distinctio in assumenda ut et. Velit nemo voluptatem voluptatem reiciendis iusto voluptatem.',103,9,16,'2018-02-02 07:00:08','2018-02-02 07:00:08'),
	(35,'quo','Fuga laboriosam quo laborum molestias. Quibusdam totam et autem repellendus temporibus mollitia. Impedit suscipit voluptatem omnis et. Dolorum minima quia mollitia consequatur molestiae qui.',208,0,18,'2018-02-02 07:00:08','2018-02-02 07:00:08'),
	(36,'beatae','Est expedita et molestiae culpa animi. Autem atque quasi corporis eos optio officia saepe.',972,4,9,'2018-02-02 07:00:08','2018-02-02 07:00:08'),
	(37,'velit','Perferendis quis laborum fugiat. Velit distinctio deserunt aut itaque suscipit. Facere est earum quidem et vero natus.',718,9,10,'2018-02-02 07:00:08','2018-02-02 07:00:08'),
	(38,'similique','Vel mollitia necessitatibus soluta voluptate aut maiores alias totam. Dolor odit est alias rerum culpa. Repellat porro et ea dolor iusto.',923,9,15,'2018-02-02 07:00:08','2018-02-02 07:00:08'),
	(39,'ut','Aliquam ducimus consequatur aut dolor et consequatur. Eos unde dignissimos autem quisquam. Odit nam dolores alias eum voluptatem voluptas nisi.',479,4,27,'2018-02-02 07:00:09','2018-02-02 07:00:09'),
	(40,'praesentium','Odit consequatur exercitationem molestiae. Minima non delectus neque cum iure praesentium dicta. Doloribus sunt libero qui unde eius. Laborum enim officia exercitationem deserunt facere praesentium voluptatem. Qui dolor commodi fugit fuga.',397,7,29,'2018-02-02 07:00:09','2018-02-02 07:00:09'),
	(41,'doloremque','Vero aut nemo porro qui facilis tenetur. Inventore debitis totam voluptatibus aut. Cupiditate pariatur excepturi doloribus sed.',603,3,24,'2018-02-02 07:00:09','2018-02-02 07:00:09'),
	(42,'et','Minus velit omnis et hic corrupti. Placeat eligendi perspiciatis accusantium reprehenderit. Vero vero nihil nesciunt dolorum ducimus.',174,5,8,'2018-02-02 07:00:09','2018-02-02 07:00:09'),
	(43,'aut','Saepe autem maiores officia id quia consequuntur facere. Aut sapiente dolorem quo sit tempora consectetur. Rem fuga est praesentium ad veniam.',576,9,28,'2018-02-02 07:00:09','2018-02-02 07:00:09'),
	(44,'eius','Quo cupiditate commodi quas culpa ut dolorum quia. Reprehenderit cumque corrupti ut enim. Sit qui quae culpa corporis mollitia.',707,4,4,'2018-02-02 07:00:09','2018-02-02 07:00:09'),
	(45,'fuga','Fuga velit dolores sapiente molestiae ullam. Laudantium non soluta rerum asperiores est. Sunt repellat quis quis aut laboriosam. Dolores vel velit saepe repellendus sed.',454,9,3,'2018-02-02 07:00:09','2018-02-02 07:00:09'),
	(46,'tempore','Enim cum quaerat autem consequatur debitis. Quae illum voluptas voluptas et. Maxime qui deleniti iste aut et.',965,6,26,'2018-02-02 07:00:09','2018-02-02 07:00:09'),
	(47,'esse','Maxime ut sit rerum. Ut autem non sed explicabo. Dicta asperiores dolores quibusdam et adipisci. Accusantium dolores provident et et excepturi in.',818,7,26,'2018-02-02 07:00:09','2018-02-02 07:00:09'),
	(48,'quia','Officia quis quibusdam sit in non. Consequatur sit iure et modi iste. Quaerat hic qui sunt quia corporis.',283,2,26,'2018-02-02 07:00:09','2018-02-02 07:00:09'),
	(49,'vel','Ullam deleniti ullam voluptatem magni. Rerum et sequi omnis iste tempore. Eveniet sunt qui quod sit dignissimos. Distinctio modi atque odit et qui.',679,6,11,'2018-02-02 07:00:09','2018-02-02 07:00:09'),
	(50,'quia','Similique id hic consequatur excepturi. Quaerat maxime reiciendis tenetur id tenetur. Ut provident eos numquam quaerat ea assumenda.',682,4,5,'2018-02-02 07:00:09','2018-02-02 07:00:09');

/*!40000 ALTER TABLE `products` ENABLE KEYS */;
UNLOCK TABLES;


# Dump of table reviews
# ------------------------------------------------------------

DROP TABLE IF EXISTS `reviews`;

CREATE TABLE `reviews` (
  `id` int(10) unsigned NOT NULL AUTO_INCREMENT,
  `product_id` int(10) unsigned NOT NULL,
  `customer` varchar(191) COLLATE utf8mb4_unicode_ci NOT NULL,
  `review` text COLLATE utf8mb4_unicode_ci NOT NULL,
  `star` int(11) NOT NULL,
  `created_at` timestamp NULL DEFAULT NULL,
  `updated_at` timestamp NULL DEFAULT NULL,
  PRIMARY KEY (`id`),
  KEY `reviews_product_id_index` (`product_id`),
  CONSTRAINT `reviews_product_id_foreign` FOREIGN KEY (`product_id`) REFERENCES `products` (`id`) ON DELETE CASCADE
) ENGINE=InnoDB DEFAULT CHARSET=utf8mb4 COLLATE=utf8mb4_unicode_ci;

LOCK TABLES `reviews` WRITE;
/*!40000 ALTER TABLE `reviews` DISABLE KEYS */;

INSERT INTO `reviews` (`id`, `product_id`, `customer`, `review`, `star`, `created_at`, `updated_at`)
VALUES
	(1,33,'Dayton Lebsack','Neque similique voluptas earum. Reiciendis sint architecto architecto iure. Magni quae architecto quia velit consequatur est.',0,'2018-02-02 07:00:09','2018-02-02 07:00:09'),
	(2,35,'Connor Crist','Culpa esse reprehenderit cupiditate totam rem corporis. Repellendus magni distinctio commodi vel laboriosam earum praesentium. A sed quo et consequatur. Odit est molestiae ut.',3,'2018-02-02 07:00:09','2018-02-02 07:00:09'),
	(3,30,'Schuyler Ratke','Distinctio velit ut consequatur. Rem provident temporibus vel porro magni perferendis. Laboriosam omnis ad dolorum velit cum aliquid rerum.',2,'2018-02-02 07:00:09','2018-02-02 07:00:09'),
	(4,6,'Pasquale Heaney','Suscipit accusantium officia reiciendis est animi alias ut. Quo et unde in omnis. Qui et dolore ut esse doloribus voluptatem pariatur. Doloribus et exercitationem corporis atque quaerat eum placeat.',2,'2018-02-02 07:00:09','2018-02-02 07:00:09'),
	(5,12,'Berniece Beahan','Consectetur cupiditate cumque illo quasi sit. Enim ut commodi aut dolor aut maiores. Et quidem culpa consequuntur hic omnis. Maxime et eligendi unde sunt.',1,'2018-02-02 07:00:09','2018-02-02 07:00:09'),
	(6,8,'Yazmin Bernier','Nostrum nobis sequi necessitatibus iure necessitatibus ullam. Dignissimos doloremque eligendi rerum in est non quia. Excepturi ut atque repellendus et est deleniti id.',2,'2018-02-02 07:00:09','2018-02-02 07:00:09'),
	(7,32,'Bernard Ruecker','Id saepe at ea mollitia itaque qui incidunt. Sit vero animi aliquam voluptas. Molestiae et maiores fuga reprehenderit. Qui esse sed ipsum aut architecto consequatur.',0,'2018-02-02 07:00:09','2018-02-02 07:00:09'),
	(8,42,'Nathanial White','Eligendi repellat quasi sapiente molestiae dolorem. Odit qui excepturi sunt vel quo esse. Voluptatem pariatur dolores vitae inventore magnam rerum. Saepe vel est ea assumenda.',3,'2018-02-02 07:00:09','2018-02-02 07:00:09'),
	(9,38,'Golden Cummerata','Ut rem quis a omnis possimus incidunt. Vitae non ut nulla aut. Illo quos quis odio aut.',2,'2018-02-02 07:00:09','2018-02-02 07:00:09'),
	(10,34,'Prof. Isabelle Anderson IV','Enim magnam ducimus ab aut incidunt quia. Perspiciatis voluptatem laborum dolore quia dolorem minima omnis. Voluptas dolorem consequuntur et culpa eos id.',1,'2018-02-02 07:00:09','2018-02-02 07:00:09'),
	(11,17,'Renee Klein','Ratione sed quas ut ullam. Enim eius possimus aperiam excepturi nisi nostrum molestiae. Voluptatibus non eos vitae fugiat tenetur occaecati deleniti enim. Iusto non aut tempora dolorem aperiam et rem.',2,'2018-02-02 07:00:09','2018-02-02 07:00:09'),
	(12,5,'Mr. Vaughn Willms','Rem consequatur libero assumenda doloremque et eum error magnam. Aliquam sed delectus harum ducimus. Provident vel a non quas rerum nemo occaecati. Est dicta fuga nulla.',1,'2018-02-02 07:00:09','2018-02-02 07:00:09'),
	(13,26,'Dr. Ruby Leuschke DVM','Iure eius excepturi tempore eaque sed. Aut ut iusto ullam ut consequatur deserunt alias. Veritatis harum repellat repellendus est. Officiis est placeat voluptatibus nulla.',2,'2018-02-02 07:00:09','2018-02-02 07:00:09'),
	(14,6,'Oral Deckow I','Sunt libero perferendis quaerat eos enim distinctio ad repellat. Autem ratione rerum non cum sit. Minus consequuntur sit laborum delectus quia ducimus voluptas. Atque doloremque autem consequuntur nulla reprehenderit quis sit. Animi sed repellendus quia doloribus ut cum.',4,'2018-02-02 07:00:09','2018-02-02 07:00:09'),
	(15,7,'Maverick Tremblay','Beatae consectetur necessitatibus repellendus iste voluptatem. Consequatur aut dolorem perferendis veritatis. Soluta eos officia reprehenderit consequatur facere consequatur suscipit. Quo rerum natus et eaque commodi rerum sit illo. Aut nemo ipsam pariatur et qui dolor et.',1,'2018-02-02 07:00:09','2018-02-02 07:00:09'),
	(16,8,'Rozella Breitenberg DVM','Quia asperiores sint est laboriosam. Qui quia et praesentium rem magnam et. Id voluptatibus voluptas qui magnam aliquam qui ullam.',1,'2018-02-02 07:00:09','2018-02-02 07:00:09'),
	(17,6,'Enrique Schmitt','Quidem commodi aspernatur qui soluta quibusdam. Eum veniam consequatur minima eum rerum qui vel aut. Voluptatibus nam voluptate fugiat.',0,'2018-02-02 07:00:09','2018-02-02 07:00:09'),
	(18,11,'Margie Schroeder','Quis minus tempora doloremque nobis repellat et ad voluptatibus. In et quasi eos expedita. Id aut placeat quam eum non facere aperiam. Ipsa voluptatum et eum deserunt ad qui esse eveniet.',5,'2018-02-02 07:00:09','2018-02-02 07:00:09'),
	(19,28,'Dr. Daphney Bernhard','Quam sunt accusantium similique reiciendis. Nesciunt ipsum dolor quasi hic nam. Adipisci fuga dolorem qui deserunt sequi excepturi doloribus autem. Sed quis deleniti voluptatem possimus dolor neque.',3,'2018-02-02 07:00:09','2018-02-02 07:00:09'),
	(20,38,'Ryann Brown','Dolorem illo sit cumque fuga expedita veniam. Qui et veritatis voluptatem incidunt. Sit voluptatibus ipsum et cumque molestias vel qui.',4,'2018-02-02 07:00:09','2018-02-02 07:00:09'),
	(21,31,'Brain Johns II','Omnis nisi qui culpa officiis rerum eos placeat. Sit odit quo ut ut eum. Animi veritatis eveniet eos. Velit occaecati natus rerum.',2,'2018-02-02 07:00:09','2018-02-02 07:00:09'),
	(22,21,'Glennie Walter MD','Perferendis reprehenderit veritatis autem est omnis quod nihil sit. Molestiae sapiente dicta quis velit est occaecati. Quia aut laudantium ut quas eligendi quia quo. Et odit cum ut aspernatur aliquid delectus.',2,'2018-02-02 07:00:09','2018-02-02 07:00:09'),
	(23,6,'Arely O\'Keefe','Eveniet nostrum debitis debitis hic accusamus laborum. Occaecati occaecati cupiditate dicta. Ipsum atque officiis rerum adipisci excepturi. Voluptatem dolor voluptate cupiditate quisquam assumenda enim.',4,'2018-02-02 07:00:09','2018-02-02 07:00:09'),
	(24,19,'Lacey Hills','Autem neque qui facere error soluta maiores. Corporis excepturi consectetur fugit explicabo cupiditate et itaque. Ut quo dolorum aut occaecati vel quaerat. Debitis voluptatem ea sit voluptatem rem et.',2,'2018-02-02 07:00:09','2018-02-02 07:00:09'),
	(25,30,'Dr. Jacklyn Dickinson','Eos perferendis et voluptas maiores itaque sequi. Quia accusamus sit qui perspiciatis accusamus quis. Praesentium reprehenderit qui voluptatum alias ea quia commodi. Similique amet sit quam sit adipisci maiores totam.',3,'2018-02-02 07:00:09','2018-02-02 07:00:09'),
	(26,25,'Hudson Swaniawski','Omnis omnis praesentium quod mollitia ratione placeat fuga. Labore ut aspernatur nostrum quia sint. Vel nesciunt in repudiandae veniam dolores est aut dolor. Neque ut error animi non voluptatum consequatur quis facilis. Illo suscipit sit iste eligendi non voluptatibus amet eveniet.',5,'2018-02-02 07:00:09','2018-02-02 07:00:09'),
	(27,16,'Euna Sawayn','Eius enim non qui quae excepturi est eius ullam. Perferendis consequatur inventore est quibusdam. Qui ut consequuntur ullam excepturi.',4,'2018-02-02 07:00:09','2018-02-02 07:00:09'),
	(28,42,'Dr. Victor Romaguera MD','Quae illo ea nostrum odit consequatur rerum. Ipsa assumenda asperiores qui. Aliquam sapiente non sunt ipsum.',3,'2018-02-02 07:00:09','2018-02-02 07:00:09'),
	(29,35,'Pansy Berge','Unde ipsam et nihil qui omnis et sunt fuga. Enim velit tenetur molestias repellat expedita dicta nam. Aut ipsa dolor qui in et nesciunt qui. Molestias mollitia corrupti sed beatae.',3,'2018-02-02 07:00:09','2018-02-02 07:00:09'),
	(30,44,'Darrion Rau','Nesciunt quibusdam dolor ab rerum. Mollitia inventore aperiam voluptatem doloribus blanditiis. Officia totam sit et et eligendi qui. Omnis molestiae aut eligendi eaque distinctio sunt.',1,'2018-02-02 07:00:09','2018-02-02 07:00:09'),
	(31,9,'Brandy Balistreri','Quis provident perferendis nemo illo qui. Doloribus aut eaque mollitia qui quasi. Consequuntur qui et blanditiis. Veritatis est eveniet qui placeat dolores nesciunt.',3,'2018-02-02 07:00:09','2018-02-02 07:00:09'),
	(32,41,'Alejandra Hudson','Fuga labore quia explicabo. Asperiores dolores id nobis a. Repudiandae laudantium ea qui nihil quaerat doloremque.',4,'2018-02-02 07:00:09','2018-02-02 07:00:09'),
	(33,17,'Chanel Witting','Reprehenderit ipsum nemo minima est. Ad dolores voluptas nemo possimus possimus. Qui quia aut dolor. Omnis maiores ducimus omnis nostrum.',3,'2018-02-02 07:00:09','2018-02-02 07:00:09'),
	(34,7,'Dr. Kaya Krajcik','Incidunt ipsa accusantium ipsa doloremque error nisi. Distinctio labore illo eum quo veniam. Eos voluptatibus nobis sunt consequatur rerum inventore est. Reprehenderit reprehenderit et earum aut aut suscipit rem magni.',4,'2018-02-02 07:00:09','2018-02-02 07:00:09'),
	(35,2,'Jett Medhurst','Maiores et laudantium voluptatem ex. Temporibus ut qui iure omnis voluptatem deserunt. Voluptatem quibusdam aut earum necessitatibus blanditiis. Et commodi beatae id non asperiores.',2,'2018-02-02 07:00:09','2018-02-02 07:00:09'),
	(36,33,'Prof. Sigrid O\'Kon V','Nobis deleniti quia veniam perspiciatis voluptas repellat nesciunt. Consequatur nam esse odio ut at mollitia voluptatum. Quis aut aperiam non. Labore exercitationem molestiae culpa porro mollitia libero aut accusantium.',2,'2018-02-02 07:00:09','2018-02-02 07:00:09'),
	(37,48,'Jules Kris','Ab doloribus ipsa voluptatum quis. Consectetur deserunt ratione ut velit ad. Quod aliquam architecto excepturi nobis excepturi.',5,'2018-02-02 07:00:09','2018-02-02 07:00:09'),
	(38,15,'Mr. Hudson Douglas','Quidem illum ipsum consectetur amet. Et illo eum blanditiis modi blanditiis. Veniam ea consectetur autem omnis quod odit ab quasi.',0,'2018-02-02 07:00:09','2018-02-02 07:00:09'),
	(39,28,'Lauryn Kuhn','In occaecati omnis est enim. Quibusdam totam consequatur eum corporis ad. Aut nesciunt blanditiis odio quis mollitia.',0,'2018-02-02 07:00:09','2018-02-02 07:00:09'),
	(40,16,'Alexandre Hoeger','Molestiae sunt expedita repudiandae molestias. Aut et dolorum qui sunt. Voluptates ex inventore labore ut quia aliquam ea sed. Ut libero sit qui.',5,'2018-02-02 07:00:09','2018-02-02 07:00:09'),
	(41,45,'Jacinto Baumbach','Aut recusandae assumenda eos voluptatibus iure. Consectetur beatae corrupti delectus vel reiciendis quos dolor culpa. Quos est quas ullam magnam id.',0,'2018-02-02 07:00:09','2018-02-02 07:00:09'),
	(42,10,'Mrs. Myra Smith III','Sit odit aperiam corrupti voluptas distinctio qui incidunt ut. Officiis dolor nobis sed beatae suscipit. Neque dolorem dolores voluptatem voluptatem libero velit expedita.',0,'2018-02-02 07:00:09','2018-02-02 07:00:09'),
	(43,35,'Ms. Molly Greenholt MD','Nobis enim molestias dolorem modi sunt atque. Doloribus maiores veniam dolor eos beatae. Nemo eaque facere et illo. Sint ut exercitationem voluptas autem vel excepturi.',3,'2018-02-02 07:00:09','2018-02-02 07:00:09'),
	(44,43,'Nico Klein','Ut et rerum non quo incidunt porro. Consequuntur sunt reiciendis rerum possimus sint totam. Autem voluptate ipsum laborum nihil voluptatem dolorem. Rerum quod exercitationem libero. Dicta qui eaque adipisci aut.',2,'2018-02-02 07:00:09','2018-02-02 07:00:09'),
	(45,30,'Queen Mueller','Officiis quaerat ipsam qui porro. Omnis voluptatem iure voluptas autem quia voluptatem alias natus. Quis et et rerum dolores ut.',5,'2018-02-02 07:00:09','2018-02-02 07:00:09'),
	(46,10,'Eriberto Lind','Assumenda in sunt aut non. Necessitatibus nesciunt minima maiores excepturi cumque excepturi quia. Nam qui adipisci ratione dolorem omnis facere. Neque deleniti molestiae et molestias sit.',3,'2018-02-02 07:00:09','2018-02-02 07:00:09'),
	(47,24,'Marilou DuBuque','Est nisi quibusdam libero quasi provident corporis aperiam. Quo magnam et magni minus et totam. Rerum doloremque nemo ut.',4,'2018-02-02 07:00:09','2018-02-02 07:00:09'),
	(48,31,'Prof. Catalina Harber','Voluptatem aut quia molestias consequatur. Ea rerum voluptatem ipsum voluptates. Cum ipsam veniam consectetur rerum enim. Ipsum sint qui deleniti voluptatum iusto voluptatem.',5,'2018-02-02 07:00:09','2018-02-02 07:00:09'),
	(49,16,'Alexandria Hessel','Sapiente quia nihil sequi hic non. Atque eligendi ipsum est sit omnis. Quae consequatur aperiam consequatur. Autem quidem ullam pariatur est impedit. Expedita vero voluptates at non.',0,'2018-02-02 07:00:09','2018-02-02 07:00:09'),
	(50,23,'Dr. Elton Senger','Eum eveniet quia est quo quaerat ut. Deleniti unde officiis aut sequi culpa fugiat quia voluptatem. Consequatur mollitia magni rerum aut repudiandae. Maxime vitae dolor doloremque et.',2,'2018-02-02 07:00:09','2018-02-02 07:00:09'),
	(51,45,'Scarlett Corkery','Ab voluptatem sint neque sapiente. Soluta in provident voluptatem qui quis ut amet. Facilis aliquid quo qui autem quia necessitatibus nobis.',5,'2018-02-02 07:00:09','2018-02-02 07:00:09'),
	(52,45,'Mr. Monty Wiegand Jr.','Amet perferendis iure mollitia ut et. Voluptas ipsa quia inventore. Officia voluptatem tenetur amet dolor aspernatur. Inventore dolorem ut veniam earum.',4,'2018-02-02 07:00:09','2018-02-02 07:00:09'),
	(53,4,'Rosemary Pfeffer Jr.','Voluptate eum qui sint delectus. Mollitia ut assumenda ut dolore. Iure suscipit quia ducimus rerum quo dolores delectus.',3,'2018-02-02 07:00:09','2018-02-02 07:00:09'),
	(54,2,'Dr. Alessandro Gutkowski Sr.','Commodi aut ut a voluptatibus consectetur dolorem at. Molestias amet neque et quia ea neque. Recusandae impedit eligendi et necessitatibus tempora quis.',0,'2018-02-02 07:00:09','2018-02-02 07:00:09'),
	(55,17,'Danika Botsford','Aspernatur vero dolores reiciendis quisquam enim blanditiis architecto. Autem pariatur quo autem rerum harum dolor ad. Quisquam voluptas tenetur quibusdam eos.',3,'2018-02-02 07:00:09','2018-02-02 07:00:09'),
	(56,19,'Winona Walter','Officiis dicta et sunt debitis ut natus sequi labore. Accusantium dolor quaerat et officiis. Autem odit modi vitae adipisci libero enim non. Aut sed et pariatur inventore odio quia eveniet velit.',2,'2018-02-02 07:00:09','2018-02-02 07:00:09'),
	(57,26,'Mark Crist','Et dolores magnam aut eum non. Aut tempora quia nihil temporibus similique nihil ad. Ratione voluptate quia accusantium.',0,'2018-02-02 07:00:09','2018-02-02 07:00:09'),
	(58,49,'Marvin Wiza','Est qui enim perspiciatis. Optio neque consequuntur aspernatur occaecati. Quam dicta voluptas iure deserunt voluptate officia. Voluptas molestiae dicta fugit nisi est praesentium.',5,'2018-02-02 07:00:09','2018-02-02 07:00:09'),
	(59,17,'Antonette Stehr I','Dolore consequatur aut doloremque veritatis nemo impedit recusandae libero. In veritatis et ea expedita. Asperiores enim blanditiis quis quaerat aliquid laboriosam ut.',1,'2018-02-02 07:00:09','2018-02-02 07:00:09'),
	(60,18,'Carlotta Towne','Eveniet optio et ea doloremque et quis. Corrupti rerum ullam sit harum quo tenetur. Veritatis odio ea architecto qui consequatur. Nam ipsa voluptatem non ipsa labore tenetur.',0,'2018-02-02 07:00:09','2018-02-02 07:00:09'),
	(61,21,'Prof. Cassandre Conn DDS','Ab aliquid dolorem praesentium atque sed voluptatem deserunt. Qui tenetur beatae quia impedit voluptate amet. Pariatur autem voluptatem ipsam eos tempora ut. Nobis exercitationem quas accusantium perferendis.',4,'2018-02-02 07:00:09','2018-02-02 07:00:09'),
	(62,15,'Ms. Mariela Dietrich I','Qui quibusdam rem repellat totam reprehenderit. Temporibus totam culpa ullam consequuntur quod repellat vel impedit. Qui ab quia quibusdam quis et doloribus.',3,'2018-02-02 07:00:09','2018-02-02 07:00:09'),
	(63,47,'Tamara Casper IV','Molestias quam corrupti sapiente architecto blanditiis officia et. In et est eius non ut officiis in quo.',4,'2018-02-02 07:00:09','2018-02-02 07:00:09'),
	(64,19,'Prof. Isabelle Schumm PhD','Corrupti voluptas officia doloremque sed. Minima provident dolorem quis necessitatibus voluptates. Sequi nostrum ullam nam.',2,'2018-02-02 07:00:09','2018-02-02 07:00:09'),
	(65,26,'Quinn Bashirian','Molestias commodi tenetur nam debitis. Pariatur quia et officia et qui. Eum similique quaerat enim aut.',1,'2018-02-02 07:00:09','2018-02-02 07:00:09'),
	(66,26,'Charlene Kuhn','Qui nihil omnis sunt maiores sapiente aut. Non dolorem fugit atque praesentium fugit hic.',0,'2018-02-02 07:00:09','2018-02-02 07:00:09'),
	(67,10,'Donald Kris','Perspiciatis eos et quia. Deserunt architecto nostrum rerum quos est itaque. Aut commodi id quo at rerum.',5,'2018-02-02 07:00:09','2018-02-02 07:00:09'),
	(68,18,'Abbigail Fadel','Ut qui amet rerum autem ut. Sapiente aut nam omnis voluptatibus provident. Impedit maxime voluptas tenetur quibusdam.',3,'2018-02-02 07:00:09','2018-02-02 07:00:09'),
	(69,23,'Mr. Melany Crona','Error labore tempore sed asperiores. Minus facere consectetur ea. Blanditiis sit delectus officiis laboriosam.',2,'2018-02-02 07:00:09','2018-02-02 07:00:09'),
	(70,44,'Veronica Krajcik','Quaerat et id minus sint consequatur soluta occaecati pariatur. Aut libero et ut ab rerum nihil. Voluptas id enim quasi dignissimos quis ut sit rerum. Eligendi quis aut quia molestiae quod sit.',3,'2018-02-02 07:00:09','2018-02-02 07:00:09'),
	(71,2,'Nat Walker','Nam beatae nihil reiciendis delectus. Quo qui dicta iusto aut nihil dignissimos eaque ut. Vel doloremque repudiandae est sit ut. Repellat id quas culpa dicta fugiat praesentium et harum.',3,'2018-02-02 07:00:09','2018-02-02 07:00:09'),
	(72,22,'Lilian Hoppe','Ea deserunt soluta ut vero facilis. Doloribus voluptas magnam illo dolores. Est voluptates facilis dolores illum. Et itaque minus qui perspiciatis perspiciatis numquam.',4,'2018-02-02 07:00:09','2018-02-02 07:00:09'),
	(73,29,'Gaylord Purdy','Nihil ad odio inventore aspernatur possimus voluptatum. Consectetur debitis esse esse doloremque sed. Sapiente dignissimos error est qui officiis quaerat pariatur. Modi aut velit et officiis.',4,'2018-02-02 07:00:09','2018-02-02 07:00:09'),
	(74,43,'Jabari Fahey','Iure ipsum enim ut mollitia eum ratione. Sed non id consequuntur quia. Saepe optio fuga eos.',4,'2018-02-02 07:00:09','2018-02-02 07:00:09'),
	(75,14,'Leilani Effertz IV','Non aut rerum qui rerum laboriosam. Voluptatem at tempora quisquam qui non. Reiciendis a vel provident sunt quia. Est aut tenetur voluptatem iusto sit commodi aut.',2,'2018-02-02 07:00:09','2018-02-02 07:00:09'),
	(76,22,'Odessa Bernier','Repudiandae consectetur occaecati dolores dolor dicta animi. Hic autem sit voluptas culpa quo. Ut natus provident ipsa itaque dolorum mollitia aut.',1,'2018-02-02 07:00:09','2018-02-02 07:00:09'),
	(77,15,'Prof. Nicholas Quitzon','Culpa vel quae iusto esse. Qui earum libero explicabo eum voluptatem. Saepe sint aut possimus eligendi beatae dolores in. Sed dolorum ex voluptatem molestiae ratione expedita. Non nihil quia voluptas vero molestiae praesentium voluptate exercitationem.',5,'2018-02-02 07:00:09','2018-02-02 07:00:09'),
	(78,48,'Irving Lubowitz','Quis error quos dolorum accusamus. Amet qui sapiente quisquam neque laborum et magnam. Quo voluptatem autem ipsa eum enim quisquam.',0,'2018-02-02 07:00:09','2018-02-02 07:00:09'),
	(79,11,'Mr. Grady Morar','Omnis dicta repellat dolor ipsa. Omnis aut quaerat unde ratione. Soluta illo iure neque.',5,'2018-02-02 07:00:09','2018-02-02 07:00:09'),
	(80,30,'Raheem Mann','Voluptatem voluptas sit deserunt saepe. Animi suscipit ratione est nesciunt ea quisquam voluptatem iusto. Rem vel eos praesentium tenetur sit.',3,'2018-02-02 07:00:09','2018-02-02 07:00:09'),
	(81,45,'Demarcus Emmerich','Facere eius labore nostrum consectetur. Quia voluptates omnis natus. Vel nisi laboriosam cumque autem earum.',2,'2018-02-02 07:00:09','2018-02-02 07:00:09'),
	(82,20,'Lurline Herman II','Facilis quia sunt molestiae ut totam aut eum nobis. Voluptatem quia illum quia ea corporis. Est magni maiores autem. Sequi molestiae explicabo quia cupiditate labore. Qui quasi mollitia aspernatur rem sapiente quisquam.',0,'2018-02-02 07:00:09','2018-02-02 07:00:09'),
	(83,37,'Sigrid Williamson','Ut enim ea eaque facilis eum est. Reprehenderit architecto sed quam magni sed adipisci. Eum sequi voluptatem quisquam repellat.',2,'2018-02-02 07:00:09','2018-02-02 07:00:09'),
	(84,44,'Allene McCullough','Qui soluta soluta suscipit nemo magnam aut quaerat. Animi aut dolor amet soluta ab sed magni. Esse nulla dolor in dolores esse accusamus dolores. Ipsum fuga non numquam sed veniam.',3,'2018-02-02 07:00:09','2018-02-02 07:00:09'),
	(85,12,'Lonie Jerde','Magni rerum quibusdam illo perspiciatis voluptatem officiis exercitationem. Ullam non nesciunt labore sequi aspernatur porro. Corrupti corrupti aut aperiam distinctio voluptatem. Blanditiis reiciendis iusto libero.',0,'2018-02-02 07:00:09','2018-02-02 07:00:09'),
	(86,37,'Madison Schmeler','Officiis autem reiciendis impedit sequi recusandae. Dolor odit distinctio assumenda aut. Voluptate adipisci sit iusto necessitatibus.',2,'2018-02-02 07:00:09','2018-02-02 07:00:09'),
	(87,7,'Vickie Kertzmann','Quia soluta reprehenderit nam similique. Enim facilis officiis occaecati velit sed. Sunt et deserunt cupiditate non.',4,'2018-02-02 07:00:09','2018-02-02 07:00:09'),
	(88,12,'Hazle Quitzon','Dignissimos aut ut officia eos voluptates laborum. Velit quis reiciendis et blanditiis ipsa cumque. Enim unde voluptatibus libero non.',5,'2018-02-02 07:00:09','2018-02-02 07:00:09'),
	(89,34,'Russell Cormier Jr.','Voluptas quia esse officiis quos deleniti qui. Sunt qui enim nostrum voluptate et voluptate labore.',1,'2018-02-02 07:00:09','2018-02-02 07:00:09'),
	(90,24,'Katlyn McDermott','Ipsum repudiandae eum ad ut soluta rem repudiandae consequatur. At quis error adipisci rerum. Consequatur dolorem qui voluptate.',5,'2018-02-02 07:00:09','2018-02-02 07:00:09'),
	(91,48,'Enrique Raynor','Consectetur sunt officiis cumque et. Quo dolore voluptas exercitationem est. Natus nihil et eius harum qui consequatur voluptatum non. Repudiandae consequatur omnis repudiandae enim.',5,'2018-02-02 07:00:09','2018-02-02 07:00:09'),
	(92,45,'Demetris Emard','A in temporibus et dolores voluptas omnis assumenda minima. Nam qui dolore animi a omnis corporis. Velit odit tempora occaecati et quis ut consequatur.',4,'2018-02-02 07:00:09','2018-02-02 07:00:09'),
	(93,45,'Madge Kris','Perspiciatis laudantium nihil sed dolor fuga sed fugit ducimus. Enim natus corporis rerum aliquam. Laboriosam eveniet magnam qui at sed voluptas consectetur. Rem culpa labore illo sint.',3,'2018-02-02 07:00:09','2018-02-02 07:00:09'),
	(94,5,'Prof. Justina Cormier Sr.','Possimus quam perferendis commodi qui. Totam et consequatur quod nam. Vitae modi inventore sunt cupiditate consequatur saepe qui rerum.',1,'2018-02-02 07:00:09','2018-02-02 07:00:09'),
	(95,45,'Mr. Lavern Schimmel','Tenetur debitis hic pariatur incidunt fuga quis et quam. At quisquam culpa et voluptatum eum officia ut.',2,'2018-02-02 07:00:09','2018-02-02 07:00:09'),
	(96,48,'Dr. Tyson Mraz IV','Rerum omnis est accusamus. Dolorem voluptatem harum nobis enim. Consequatur modi iure aut cupiditate corporis.',0,'2018-02-02 07:00:09','2018-02-02 07:00:09'),
	(97,46,'Jesus Lowe','Perspiciatis minima dolores pariatur tenetur architecto magni minima. Et explicabo accusantium nulla corrupti est ipsum. Rem iste veritatis unde distinctio. Dolorum est maiores quos reprehenderit.',0,'2018-02-02 07:00:09','2018-02-02 07:00:09'),
	(98,45,'Mr. Miles Kris MD','Cupiditate accusantium sit ducimus ex. Aut saepe earum ut ut ut. Qui velit quas quibusdam neque dolorum.',3,'2018-02-02 07:00:09','2018-02-02 07:00:09'),
	(99,49,'Viva Larson','Libero non fugit rerum ullam. Ut ipsa vero voluptatibus et ea voluptatem. Cum est repudiandae vel.',4,'2018-02-02 07:00:09','2018-02-02 07:00:09'),
	(100,20,'Gaetano Smitham','Sint nisi earum est. Mollitia ad eius quas consequatur. Consequatur qui in nobis dolores.',0,'2018-02-02 07:00:09','2018-02-02 07:00:09'),
	(101,48,'Prof. Tate Gulgowski Sr.','Perspiciatis officiis cum sed id consequatur. Recusandae qui facilis aperiam sed pariatur et. Molestiae et assumenda quis eum est. Rerum omnis architecto non consequatur ut rerum quidem nulla.',0,'2018-02-02 07:00:09','2018-02-02 07:00:09'),
	(102,25,'Lyric Greenholt','Deleniti consequatur praesentium tenetur autem voluptatem quis consectetur dignissimos. Aliquam esse suscipit qui sed eum. Sapiente expedita reprehenderit ut qui quos eos.',0,'2018-02-02 07:00:09','2018-02-02 07:00:09'),
	(103,25,'Ms. Shanny Maggio','Accusantium quia beatae sed magni consequatur voluptatem est aspernatur. Omnis rerum iusto rerum non. Repudiandae similique sint ipsum eos dolor. Voluptatem quae assumenda nihil quo ipsam cumque fugiat.',4,'2018-02-02 07:00:09','2018-02-02 07:00:09'),
	(104,26,'Jessy Robel','Illo sunt aperiam cum pariatur vero labore dolorem totam. Eaque praesentium ut et voluptatem ut officiis ipsa. Dolorum quisquam illo sit distinctio rerum autem dignissimos. Rerum molestiae in deserunt qui sint eum perspiciatis nemo.',2,'2018-02-02 07:00:09','2018-02-02 07:00:09'),
	(105,50,'Mr. Alexander Conroy Jr.','At voluptatem aliquam delectus aperiam debitis voluptatum. Rerum cum veritatis voluptatem ratione est.',1,'2018-02-02 07:00:09','2018-02-02 07:00:09'),
	(106,17,'Mr. Deshaun Mayert Jr.','Ut molestiae voluptas est sed explicabo. Laborum voluptatum suscipit accusamus quo. Occaecati voluptas debitis eos debitis. Quas eos eveniet voluptas nesciunt sit.',1,'2018-02-02 07:00:09','2018-02-02 07:00:09'),
	(107,17,'Dayana Beer','Repellat cupiditate dolorem velit officiis eligendi in. Molestiae voluptas soluta nihil et. Sed natus enim quidem ab sapiente. Sunt dicta delectus est et ex dolorem ea.',4,'2018-02-02 07:00:09','2018-02-02 07:00:09'),
	(108,19,'Earnestine Hahn','Facilis neque dolor aut architecto aut. Odio tempora quam sapiente aliquam et accusantium totam. Est est ut ratione cupiditate temporibus voluptatibus rerum. Voluptatum quod rerum sit enim nemo minima ea.',4,'2018-02-02 07:00:09','2018-02-02 07:00:09'),
	(109,28,'Hyman Koepp','Omnis explicabo aut repellendus aliquid cupiditate. Iste neque explicabo dolores a id officia laborum delectus.',1,'2018-02-02 07:00:09','2018-02-02 07:00:09'),
	(110,21,'Adan McCullough','Placeat est cumque laudantium est quas qui voluptates. Aut rerum eos ea. Voluptatem ipsum maxime optio eos dolorem atque veniam et. Sunt quia sapiente officiis odio deleniti quaerat culpa. Eius dolores eum dolor occaecati sapiente.',4,'2018-02-02 07:00:09','2018-02-02 07:00:09'),
	(111,39,'Dr. Terence Kunze I','Et minima dolorum nostrum. Aut ullam eos qui numquam veniam doloremque. Iure ut et molestiae exercitationem. Vel exercitationem recusandae sed.',5,'2018-02-02 07:00:09','2018-02-02 07:00:09'),
	(112,2,'Mr. Jillian Nolan Sr.','Aut ea accusamus fuga velit dicta dolores. Et consectetur labore ut nulla velit. A consequatur modi maiores iste aut. Omnis voluptatem aut quas omnis.',2,'2018-02-02 07:00:09','2018-02-02 07:00:09'),
	(113,3,'Prof. Elijah Hansen','Id est quidem ipsa occaecati quae magnam. Nesciunt natus libero ducimus tempore aliquid quisquam est aut. Et magni quo autem facilis corporis modi voluptas.',3,'2018-02-02 07:00:09','2018-02-02 07:00:09'),
	(114,36,'Marge Weimann','Assumenda laudantium sunt ratione est expedita error aut. Fuga dolor laboriosam mollitia sit et et qui. Quos nesciunt autem mollitia inventore pariatur id sit. Mollitia modi facere ut est doloribus id.',1,'2018-02-02 07:00:09','2018-02-02 07:00:09'),
	(115,24,'Alda Jaskolski','Aspernatur expedita illo a dolores consequatur ea sit. Quasi est nulla beatae consectetur sed occaecati dignissimos. Optio error sequi odio eos et alias officia.',3,'2018-02-02 07:00:09','2018-02-02 07:00:09'),
	(116,15,'Tara Beier','Aut laborum occaecati harum ipsam est quia perferendis. Saepe exercitationem dolores est quod sit.',1,'2018-02-02 07:00:09','2018-02-02 07:00:09'),
	(117,49,'Dr. Enoch Kuhic','Suscipit ut accusantium laborum dolores asperiores quasi. Facilis qui voluptates accusantium id. Voluptas qui et vero praesentium quisquam. Aliquam natus rem quos et inventore ratione.',1,'2018-02-02 07:00:09','2018-02-02 07:00:09'),
	(118,42,'Emilia Gibson','Error quos error voluptas molestiae eum. Odit voluptas magnam unde esse. Eum placeat molestiae voluptas quo.',5,'2018-02-02 07:00:09','2018-02-02 07:00:09'),
	(119,27,'Adonis Bayer','Modi qui consequatur est id ratione quisquam quidem. Rerum neque ducimus id expedita nam veritatis praesentium. Voluptate commodi facilis reprehenderit. Pariatur nihil et dignissimos molestias minima sit voluptatum.',3,'2018-02-02 07:00:09','2018-02-02 07:00:09'),
	(120,39,'Coty Mosciski','Rem voluptas similique commodi totam voluptas animi. Ut aut aut praesentium voluptatem amet et rerum. Assumenda dolores voluptatem sapiente rerum recusandae.',5,'2018-02-02 07:00:09','2018-02-02 07:00:09'),
	(121,44,'Kamille Schmitt','Voluptatem expedita id ex consequuntur laudantium nihil et et. Laboriosam quis quam qui. Explicabo perferendis voluptatem non totam qui omnis.',4,'2018-02-02 07:00:09','2018-02-02 07:00:09'),
	(122,34,'Hester Wiegand','Sunt eos molestiae et sit perferendis excepturi quia. Enim voluptates dolor voluptatem quibusdam. Laborum itaque veritatis qui hic atque id sint facilis. Molestias illum sint omnis vero officia modi.',5,'2018-02-02 07:00:09','2018-02-02 07:00:09'),
	(123,16,'Yesenia Franecki','Et et et aut veritatis quia ipsam iusto. Aliquid ut odio eveniet earum doloremque non sed consequatur.',4,'2018-02-02 07:00:09','2018-02-02 07:00:09'),
	(124,20,'Jasmin Dach','Enim natus sit sapiente est ut. Neque quis beatae dignissimos sed accusantium. Eum architecto mollitia iure odio ex sunt voluptates molestias. Quia sunt asperiores quidem cupiditate maxime.',1,'2018-02-02 07:00:09','2018-02-02 07:00:09'),
	(125,34,'Fabian Johns IV','Ullam voluptatem sunt nostrum eos error ipsum. Vel iusto et et explicabo dignissimos ut iusto. Temporibus repellendus non enim dolorum qui animi.',3,'2018-02-02 07:00:09','2018-02-02 07:00:09'),
	(126,7,'Colten Lang','Culpa eius voluptatum iusto aut et mollitia vel. Dolores ut ea temporibus magnam enim provident qui. Dolor reprehenderit sequi ratione error aut.',3,'2018-02-02 07:00:09','2018-02-02 07:00:09'),
	(127,12,'Ernestine Macejkovic','Qui sed non vero sunt sed ut ab exercitationem. Corporis sapiente consequatur sed ea ut nihil. Modi ducimus sed animi neque. Quam quia labore dolor commodi. Alias officiis expedita ducimus minus necessitatibus.',4,'2018-02-02 07:00:09','2018-02-02 07:00:09'),
	(128,14,'John Corkery','Sit eum et est ut inventore sit. Et veritatis nobis provident assumenda amet sunt doloremque. Fuga delectus beatae id. Ut illo autem sunt.',4,'2018-02-02 07:00:09','2018-02-02 07:00:09'),
	(129,33,'Hannah Dickinson DVM','Et quibusdam ut voluptatem eos. Repudiandae harum eos reprehenderit non earum corrupti.',5,'2018-02-02 07:00:09','2018-02-02 07:00:09'),
	(130,41,'Mrs. Gwen Denesik III','Molestiae eligendi excepturi consequatur numquam culpa sapiente nihil. Deleniti libero minima delectus dolore suscipit omnis odit. Molestiae ea velit voluptatem sequi qui. Tenetur ducimus possimus dolores fugiat amet praesentium. Dolore tempore est recusandae molestiae animi.',3,'2018-02-02 07:00:09','2018-02-02 07:00:09'),
	(131,4,'Mariane Runolfsdottir','Quod sed quasi voluptate corrupti nam earum magnam. Aut molestiae quod voluptatem enim aut. Voluptatem velit sed delectus neque officia.',0,'2018-02-02 07:00:09','2018-02-02 07:00:09'),
	(132,16,'Ramiro Bosco','Fugit quibusdam sint sit iste. Sequi voluptatibus sed inventore aliquid blanditiis mollitia. Sint molestiae voluptatem sit ea repellendus sit. Impedit repellendus consequatur placeat sit nobis fugiat accusamus. Quae dolorem harum aspernatur deleniti provident et eum quo.',0,'2018-02-02 07:00:09','2018-02-02 07:00:09'),
	(133,17,'Erling Green PhD','Ab praesentium dolorum et. Excepturi mollitia qui ipsum saepe. Nesciunt voluptatem veniam doloremque.',1,'2018-02-02 07:00:09','2018-02-02 07:00:09'),
	(134,20,'Franz Bruen','Expedita voluptas voluptatem quia voluptas consequuntur est. Ad sunt quo accusantium ratione. Quod quasi qui natus id quia ipsam blanditiis.',2,'2018-02-02 07:00:09','2018-02-02 07:00:09'),
	(135,46,'Jakob Jacobi','Quo aut aut ea qui saepe quia. Consectetur accusantium et voluptatem aspernatur qui quo. Eveniet quo voluptatibus et eius dolores omnis. Debitis voluptatibus provident itaque perspiciatis quam enim. Et temporibus ab dolores.',4,'2018-02-02 07:00:09','2018-02-02 07:00:09'),
	(136,43,'Joe O\'Reilly','Nulla quo est id voluptatum itaque et tenetur labore. Ipsam numquam autem ea error perferendis laudantium vitae. Voluptas et voluptas quam eaque est et possimus. Et harum alias praesentium dignissimos quidem fugit cum veniam.',5,'2018-02-02 07:00:09','2018-02-02 07:00:09'),
	(137,23,'Dr. Osbaldo Blick','Et voluptatem ut est rerum. Possimus quia dolore quae eum pariatur quia.',2,'2018-02-02 07:00:09','2018-02-02 07:00:09'),
	(138,14,'Miss Roselyn Hoeger DDS','Quos dolorem consequatur eos quibusdam aut placeat quae. Exercitationem modi maxime dolor doloribus. Quia rerum cupiditate voluptatem ullam autem ducimus voluptatum. Suscipit voluptatum magnam id atque laboriosam voluptatum.',1,'2018-02-02 07:00:09','2018-02-02 07:00:09'),
	(139,22,'Al Vandervort PhD','Molestias voluptatem laboriosam temporibus sint. Dolore quia maxime qui culpa distinctio sed reiciendis sunt. Quis laboriosam qui porro enim. Autem saepe est aut.',4,'2018-02-02 07:00:09','2018-02-02 07:00:09'),
	(140,5,'Gail Kertzmann','Recusandae maiores expedita blanditiis beatae praesentium ea. Similique qui esse nisi fuga quo. Tenetur alias et optio qui.',0,'2018-02-02 07:00:09','2018-02-02 07:00:09'),
	(141,4,'Delaney Cummings','Aut libero quos deserunt repudiandae voluptas. Explicabo exercitationem et aliquid in. Excepturi nihil ipsam voluptatem praesentium. Fuga doloremque minus id.',4,'2018-02-02 07:00:09','2018-02-02 07:00:09'),
	(142,29,'Flossie Heller II','Aliquam non et magni fugiat est perferendis reiciendis. Ut facere deserunt sapiente excepturi provident. Est eveniet et occaecati eaque ut.',0,'2018-02-02 07:00:09','2018-02-02 07:00:09'),
	(143,45,'Mose Jones','Aperiam veritatis consequatur asperiores nam quidem dolor. Ut et eveniet suscipit voluptatem labore. Beatae cum in eum quia et doloribus qui. Hic quia et voluptas veniam nobis voluptatem.',2,'2018-02-02 07:00:09','2018-02-02 07:00:09'),
	(144,15,'Brisa Botsford','Architecto et non expedita aut. Modi id cupiditate provident dolores facilis ea voluptatum.',0,'2018-02-02 07:00:09','2018-02-02 07:00:09'),
	(145,13,'Estelle Murazik','Ad doloribus hic culpa sed quam non nulla nisi. Sint ut est assumenda tempora at. Molestias suscipit et at culpa nisi. Sit aut qui amet ea.',3,'2018-02-02 07:00:09','2018-02-02 07:00:09'),
	(146,10,'Rubie Tillman','Doloribus nesciunt modi suscipit sed. Et consequatur aperiam sed quod officia et velit. Earum rem recusandae eum consequatur ut.',0,'2018-02-02 07:00:09','2018-02-02 07:00:09'),
	(147,27,'Prof. Rahul Cummerata','Atque eveniet quae consectetur velit qui enim labore. Suscipit sint minus reprehenderit quis.',1,'2018-02-02 07:00:09','2018-02-02 07:00:09'),
	(148,3,'Hannah Ankunding','Fuga quo voluptatem quia consequatur quia. Nisi in labore adipisci. Corporis ea quae qui repellendus.',5,'2018-02-02 07:00:09','2018-02-02 07:00:09'),
	(149,37,'Bianka Kohler PhD','Et repellat corporis qui ut et et. Et soluta architecto quo est nisi. Minus sint assumenda similique illo atque ea nam.',0,'2018-02-02 07:00:09','2018-02-02 07:00:09'),
	(150,1,'Jennings Hyatt III','Nemo ut ullam inventore enim consequatur quibusdam quis. Nihil laboriosam architecto sequi impedit. Sint praesentium a modi provident.',2,'2018-02-02 07:00:09','2018-02-02 07:00:09'),
	(151,9,'Madalyn Hintz','Labore inventore ut assumenda sunt doloribus molestiae consequatur voluptatem. Laboriosam et fuga ab et eum. Sed assumenda velit eos accusantium omnis sint.',4,'2018-02-02 07:00:09','2018-02-02 07:00:09'),
	(152,32,'Ruthe Green','Ut repudiandae repudiandae impedit doloribus quis. Maxime consectetur qui occaecati fuga. Dolor eius quaerat culpa ducimus ab aut. Voluptatem consequatur aperiam cupiditate accusantium. Error aliquam et laboriosam tempora.',3,'2018-02-02 07:00:09','2018-02-02 07:00:09'),
	(153,2,'Demetrius Schaden','Voluptas officiis eum quia repellat. Perspiciatis esse cumque quaerat tenetur totam. Quis minima sed sint ut est. Doloribus expedita in dolor quidem iusto dolorem.',3,'2018-02-02 07:00:09','2018-02-02 07:00:09'),
	(154,22,'Queenie Durgan','Occaecati qui qui repellat perspiciatis. Nemo est id eaque quis illum saepe ea. Qui maiores architecto et.',4,'2018-02-02 07:00:09','2018-02-02 07:00:09'),
	(155,1,'Christian Quigley','Culpa consequuntur voluptates quia commodi. Quia quae quisquam blanditiis sapiente culpa. Quibusdam qui rem voluptatem voluptatem accusantium quis aut. Omnis veniam sequi corporis asperiores consequatur harum at.',2,'2018-02-02 07:00:09','2018-02-02 07:00:09'),
	(156,16,'Louie Torphy Jr.','Ut optio voluptas nihil velit illo reiciendis amet. Ipsam praesentium voluptatem beatae totam et error provident sunt. Quidem sit harum enim voluptas delectus totam. Hic aut aut velit nesciunt et inventore.',1,'2018-02-02 07:00:09','2018-02-02 07:00:09'),
	(157,41,'Miss Teagan McLaughlin MD','Quos beatae et qui nulla. Adipisci tempora nostrum ad quae voluptatum quis. Magni eum et adipisci aspernatur nisi.',2,'2018-02-02 07:00:09','2018-02-02 07:00:09'),
	(158,28,'Ms. Helene Boyle','Recusandae ut non nihil iure tenetur iusto sed. Et et iure quis adipisci. Doloribus rerum rerum ipsum quas aut necessitatibus officia debitis. Minus aut qui aut eum commodi doloremque.',5,'2018-02-02 07:00:09','2018-02-02 07:00:09'),
	(159,24,'Santino Dare','Rem et ut similique nihil dolorum. Officia laudantium et incidunt unde itaque. Accusantium omnis voluptate deserunt sit placeat assumenda. Id quia dolor veniam aut ex.',3,'2018-02-02 07:00:09','2018-02-02 07:00:09'),
	(160,29,'Ms. Alexandrine Haley DDS','Eum vel totam deleniti. Doloremque occaecati id aut error. Laudantium cumque exercitationem omnis qui.',4,'2018-02-02 07:00:09','2018-02-02 07:00:09'),
	(161,22,'Jovani Metz DDS','Consequuntur velit iste nobis sed placeat quasi. Ex qui ullam aspernatur laudantium reprehenderit. Harum adipisci voluptas dignissimos consequatur dignissimos maxime sunt.',2,'2018-02-02 07:00:09','2018-02-02 07:00:09'),
	(162,4,'Prof. Lucie Kautzer','Sint distinctio sunt cum natus. Aperiam doloremque voluptatibus non qui. Iusto facilis cum odit unde dolor perferendis dolor. Error aut alias nulla occaecati aspernatur cumque nisi. Qui ducimus provident ut id ipsam.',1,'2018-02-02 07:00:09','2018-02-02 07:00:09'),
	(163,28,'Emmie Pacocha','Eos saepe iusto suscipit aut. Aliquid doloribus mollitia repudiandae sit adipisci. Sunt sed non aliquid et et et.',0,'2018-02-02 07:00:09','2018-02-02 07:00:09'),
	(164,32,'Ms. Sydni Carroll','Ut quibusdam sapiente ea molestias. Odit sed quam commodi ut nihil. Facere quae est repudiandae laudantium itaque accusamus. Harum facilis nulla nihil quo.',5,'2018-02-02 07:00:09','2018-02-02 07:00:09'),
	(165,26,'Kayli Durgan Sr.','Quidem sint et qui in. Error tenetur voluptas consequatur perspiciatis.',2,'2018-02-02 07:00:09','2018-02-02 07:00:09'),
	(166,24,'Wilbert Kilback','Id repudiandae odio blanditiis qui amet autem veniam. Provident culpa officia nam sint et qui qui. Iusto odit alias voluptatem sunt enim ea. Voluptatibus qui et quisquam dolore iusto.',2,'2018-02-02 07:00:09','2018-02-02 07:00:09'),
	(167,39,'Rosalinda Steuber','Assumenda explicabo non non esse consequatur quibusdam voluptatem. Sed eveniet fugiat qui tempore et nostrum quis. Officia ut nemo impedit modi dolorum.',1,'2018-02-02 07:00:09','2018-02-02 07:00:09'),
	(168,41,'Dr. Tess Hilll V','Quam sed totam numquam aperiam. Et exercitationem et recusandae aliquid officia. Id officiis ducimus sit est rerum ut. Voluptate distinctio autem pariatur nisi molestiae.',5,'2018-02-02 07:00:09','2018-02-02 07:00:09'),
	(169,45,'Vicenta Schmitt','Maiores rerum eum aut impedit aut atque. Cum sunt quas ducimus saepe ullam dolores. Et aut rerum quis ipsum totam sint.',5,'2018-02-02 07:00:09','2018-02-02 07:00:09'),
	(170,14,'Haskell Lynch','Laudantium nihil et similique quis. Rem est delectus ut eius. Beatae minima explicabo temporibus et perspiciatis similique sed. Neque nihil rem aut quod quisquam similique.',0,'2018-02-02 07:00:09','2018-02-02 07:00:09'),
	(171,14,'Mollie Bogisich','Accusamus autem quasi nulla minima culpa quis. Voluptas eum et necessitatibus rerum non architecto.',4,'2018-02-02 07:00:09','2018-02-02 07:00:09'),
	(172,24,'Deonte Schaefer DDS','Nostrum recusandae optio et adipisci esse. Et mollitia quibusdam ut alias molestiae. Maxime iure voluptas aspernatur commodi nihil veritatis. Occaecati aut earum corporis recusandae et.',4,'2018-02-02 07:00:09','2018-02-02 07:00:09'),
	(173,21,'Stephanie Kemmer Sr.','Voluptatem alias aut dolorem officia. Asperiores voluptatem tempora velit deserunt modi debitis dolor. Ut ut maxime nihil ut nobis excepturi.',0,'2018-02-02 07:00:09','2018-02-02 07:00:09'),
	(174,36,'Mr. Allen Hills Jr.','Sit temporibus ad aperiam sequi perferendis. Sed ut atque eligendi eum. Rem enim odio velit qui.',4,'2018-02-02 07:00:09','2018-02-02 07:00:09'),
	(175,13,'Adrian Fadel','Ad est aut nam ducimus. Exercitationem voluptatem minima molestiae. Culpa animi voluptatem debitis doloribus.',4,'2018-02-02 07:00:09','2018-02-02 07:00:09'),
	(176,33,'Destiney Auer DDS','Excepturi deleniti unde repellendus itaque praesentium saepe. Similique voluptatum quia porro laudantium.',5,'2018-02-02 07:00:09','2018-02-02 07:00:09'),
	(177,2,'Brenna Wyman','Est praesentium ut et nobis aut. Veritatis et perspiciatis minima ipsam. Quasi et autem ut.',5,'2018-02-02 07:00:09','2018-02-02 07:00:09'),
	(178,28,'Solon Nikolaus DVM','Ut illum officiis est nesciunt vel. Blanditiis neque dolore ad quos odio dolorem magnam. Quis est mollitia aliquam qui totam saepe.',0,'2018-02-02 07:00:09','2018-02-02 07:00:09'),
	(179,29,'Mr. Eusebio Erdman','Harum tempore beatae in eaque. Unde qui repudiandae facilis quo quaerat voluptatem amet mollitia. Nisi ipsum quo tempore. Voluptatem et eveniet et voluptas et.',1,'2018-02-02 07:00:09','2018-02-02 07:00:09'),
	(180,17,'Rhea Bechtelar','Assumenda earum repellendus saepe. Iure dolor et deleniti. Ipsum quaerat impedit qui nobis. Omnis ipsa quam nihil nemo ea.',2,'2018-02-02 07:00:09','2018-02-02 07:00:09'),
	(181,45,'Kale Jacobi','Excepturi fugit consequatur quos facere facere animi. Quidem alias quia neque in. Quia consequatur et aperiam et vel aliquam consequatur. Enim itaque voluptates quod odit id.',0,'2018-02-02 07:00:09','2018-02-02 07:00:09'),
	(182,48,'Lenora Upton Jr.','Perspiciatis esse sint et quas expedita soluta. Quod consectetur beatae ex doloribus est exercitationem recusandae deserunt.',4,'2018-02-02 07:00:09','2018-02-02 07:00:09'),
	(183,36,'Prof. Mustafa Ritchie','Porro est voluptas corporis natus qui laboriosam non. Non cumque similique quisquam. Rerum optio corporis eos omnis aut repellendus. Recusandae sit aut accusantium veniam dolor.',5,'2018-02-02 07:00:09','2018-02-02 07:00:09'),
	(184,30,'Cordelia Littel I','Molestiae facilis nam rem suscipit ullam. Ut beatae modi quod sint. Velit voluptate nobis est consequatur ducimus earum nulla.',5,'2018-02-02 07:00:09','2018-02-02 07:00:09'),
	(185,6,'Brigitte Hilpert','Voluptate nostrum totam at commodi facilis aut. Delectus sint id magni atque dolorem illum. Ea non vero eaque iusto officiis eos quos omnis. Nisi ut dolorem qui numquam quod suscipit.',4,'2018-02-02 07:00:09','2018-02-02 07:00:09'),
	(186,38,'Miss Kristin Dickinson IV','Earum et quia et et dolores sint ut. Delectus omnis assumenda doloremque quam.',1,'2018-02-02 07:00:09','2018-02-02 07:00:09'),
	(187,32,'Alexanne Eichmann','Autem facilis ut quo error eveniet rerum rem. Officiis voluptates impedit rerum optio. Eaque libero quod iste architecto autem. Nulla commodi ut ut et est impedit.',3,'2018-02-02 07:00:09','2018-02-02 07:00:09'),
	(188,2,'Ms. Lila Kassulke I','Dolorem in accusamus asperiores et cupiditate qui molestiae. Veritatis vitae voluptatibus sit eum. Sit ipsum distinctio doloribus corporis eligendi cumque veritatis. Incidunt dignissimos cupiditate et consectetur.',4,'2018-02-02 07:00:09','2018-02-02 07:00:09'),
	(189,6,'Prof. Kaley Watsica I','Explicabo natus aperiam placeat molestiae quidem distinctio repudiandae quidem. Tempora ipsam qui incidunt doloribus vitae adipisci. Nam qui iure enim eos. Laboriosam sint sunt magni dolores dolorem dolor ab.',3,'2018-02-02 07:00:09','2018-02-02 07:00:09'),
	(190,20,'Mrs. Ollie Tremblay Jr.','Quos qui aliquam rerum qui. Quo aut aut ut id asperiores. Qui id natus dolorem tenetur corrupti optio. Reprehenderit asperiores impedit inventore dignissimos earum deleniti.',3,'2018-02-02 07:00:09','2018-02-02 07:00:09'),
	(191,3,'Eldridge Legros Jr.','Sapiente ipsam suscipit quasi impedit. Magnam ea dolorem provident nisi corporis sit voluptatem quod. Dignissimos fugit perspiciatis cupiditate. Incidunt quis vel at id officia commodi fuga.',2,'2018-02-02 07:00:09','2018-02-02 07:00:09'),
	(192,28,'Rebeca Dibbert','Dolores in voluptas neque aut optio consequuntur. Corrupti qui corrupti sint saepe laborum ipsum eius. Illum nesciunt tenetur neque molestias quis. Aut explicabo labore accusamus rerum rerum animi ut.',5,'2018-02-02 07:00:09','2018-02-02 07:00:09'),
	(193,27,'Broderick Hettinger','Voluptatem veniam eos voluptatem natus ipsa. Architecto explicabo quam et voluptas vel similique. Vitae sit aliquid sunt facilis.',4,'2018-02-02 07:00:09','2018-02-02 07:00:09'),
	(194,16,'Mr. Adrian Nienow','Ea quisquam sit ex quia aspernatur error. Corrupti et vero velit. Vel nostrum nobis dolorem ut. Architecto accusantium molestias animi quis suscipit est.',0,'2018-02-02 07:00:09','2018-02-02 07:00:09'),
	(195,18,'Kamryn Reichel I','Consectetur ab iusto ipsa et. Et fuga recusandae dolorum. Et qui sint iure repellendus enim et recusandae. Aperiam soluta omnis natus cum incidunt. Quae placeat labore velit vero nihil.',2,'2018-02-02 07:00:09','2018-02-02 07:00:09'),
	(196,10,'Charlene Glover','Aliquid non incidunt ipsam ut ut. Id est rerum et sint. Fuga eos dolores minima ipsam. Corporis quis aspernatur cupiditate eos.',2,'2018-02-02 07:00:09','2018-02-02 07:00:09'),
	(197,2,'Greyson Ritchie','Error facere quidem suscipit eos qui quisquam aliquid. Numquam minima dignissimos dolorem officiis vel. Dolores reprehenderit porro aliquam et eligendi modi quam. Vero itaque neque reprehenderit sed et labore adipisci velit. Doloremque non optio autem veritatis sit nemo.',3,'2018-02-02 07:00:09','2018-02-02 07:00:09'),
	(198,13,'Tad Johnson','Laudantium non eius quibusdam repellendus vel itaque non ad. Ea ducimus et asperiores aperiam. Aut ab quia reprehenderit nam. Labore mollitia praesentium aliquid ut. Incidunt quis quasi exercitationem occaecati.',3,'2018-02-02 07:00:09','2018-02-02 07:00:09'),
	(199,4,'Chester Sipes','Reprehenderit consequatur repellat aut a accusamus nihil. Excepturi ad qui sed earum ullam tempora quibusdam. Accusantium voluptatem voluptates nihil aut in qui eum.',1,'2018-02-02 07:00:09','2018-02-02 07:00:09'),
	(200,22,'Prof. Neha Jacobi','Autem non quidem porro amet earum. Fugit aperiam qui nisi voluptatum magni. Perspiciatis adipisci sint cumque. Cumque blanditiis quis vel et.',0,'2018-02-02 07:00:09','2018-02-02 07:00:09'),
	(201,9,'Wilber Larkin','Minima voluptas eum ex soluta. Suscipit qui saepe hic animi earum aut. Vitae non labore deleniti.',5,'2018-02-02 07:00:09','2018-02-02 07:00:09'),
	(202,21,'Alana Fritsch','Beatae perspiciatis corporis ex et. Iure reprehenderit autem omnis consequuntur molestiae nihil dolorem.',1,'2018-02-02 07:00:09','2018-02-02 07:00:09'),
	(203,11,'Richard Wiegand','Perferendis ipsa odio et autem itaque. Fuga incidunt accusantium hic doloremque unde veniam. Quisquam corrupti qui aliquam reiciendis est illo officia. Reprehenderit cumque voluptatem dolor qui amet qui.',1,'2018-02-02 07:00:09','2018-02-02 07:00:09'),
	(204,46,'Lurline Mayer','At animi qui error animi qui et. Esse eligendi sit quia voluptatibus eligendi. Dignissimos sint autem quibusdam ad consequatur. Ducimus iure tenetur debitis repellendus quis ratione quo.',3,'2018-02-02 07:00:09','2018-02-02 07:00:09'),
	(205,27,'Hazle Pacocha','Quam voluptatem atque sunt amet odit asperiores. Minus rem voluptas quasi dolor qui. Error quia voluptas maiores eum ab ut.',2,'2018-02-02 07:00:09','2018-02-02 07:00:09'),
	(206,46,'Rogers Cummings','Ad eos quia nam reiciendis. Necessitatibus velit quis fugiat fuga. Optio quasi dicta sapiente omnis possimus nisi culpa. Doloribus est incidunt animi nam.',3,'2018-02-02 07:00:09','2018-02-02 07:00:09'),
	(207,31,'Cortney Dietrich MD','Consectetur eveniet voluptatem laudantium quia. Itaque corporis a repudiandae sit vel facere ut. Commodi amet enim itaque dolores et et. Qui cupiditate quia inventore natus eaque.',0,'2018-02-02 07:00:09','2018-02-02 07:00:09'),
	(208,20,'Louisa Connelly','Facilis nobis quisquam voluptates sed eum id. Aut enim accusamus aliquam unde fuga. Ipsum qui quibusdam ut possimus sunt dolor et.',2,'2018-02-02 07:00:09','2018-02-02 07:00:09'),
	(209,4,'Prof. Raheem King','Fugiat maiores reiciendis modi aut dicta dicta. Sint cum molestiae ea incidunt aut quas explicabo et. Qui omnis id perferendis laudantium. Illo minima unde laudantium.',3,'2018-02-02 07:00:09','2018-02-02 07:00:09'),
	(210,21,'Mertie Larson','Maxime ut magnam voluptatem voluptas. Aliquam omnis nulla consequatur enim rerum et at. Voluptate dolorum sit excepturi nulla. Animi eum accusantium et rem tempora sit voluptas dolor.',4,'2018-02-02 07:00:09','2018-02-02 07:00:09'),
	(211,41,'Geraldine Jaskolski','Dolorem mollitia sed dolor expedita eveniet. Repellendus voluptatem consectetur exercitationem magni nihil. Architecto sequi perferendis ipsum sunt consectetur doloribus aliquam. Ut voluptatibus dolor et quasi.',3,'2018-02-02 07:00:09','2018-02-02 07:00:09'),
	(212,7,'Isabel Terry','Excepturi magnam dolor facere et voluptatem debitis nulla cum. Quam eligendi fugiat recusandae quas laboriosam assumenda. Repellat dolores consequatur recusandae est qui alias nihil amet.',1,'2018-02-02 07:00:09','2018-02-02 07:00:09'),
	(213,49,'Sabryna Anderson','Quis non qui sit qui nulla ex. Nobis voluptatum sequi culpa et ipsa eaque sequi reprehenderit. Cumque in minus commodi repudiandae.',3,'2018-02-02 07:00:09','2018-02-02 07:00:09'),
	(214,37,'Prof. Eldora Blanda','Dignissimos officia saepe voluptas. Eaque porro sit rerum voluptatibus dolores commodi qui. At rerum magni occaecati harum ut est.',2,'2018-02-02 07:00:09','2018-02-02 07:00:09'),
	(215,43,'Ms. Maureen Parisian','Illum repellendus quia aut eum. Nobis minus aut quia laboriosam est quaerat.',4,'2018-02-02 07:00:09','2018-02-02 07:00:09'),
	(216,21,'Dr. Jefferey Ferry','Vel qui consequatur corrupti nam harum voluptatibus molestiae. Voluptatibus eaque tempore iure dolor temporibus. Suscipit accusantium sed fuga debitis quo reiciendis labore unde.',3,'2018-02-02 07:00:09','2018-02-02 07:00:09'),
	(217,28,'Miss Sharon Davis IV','Placeat sit eius dolor praesentium ipsum. Ducimus eos minima iure nisi ullam. Dolorum exercitationem suscipit dolor occaecati qui voluptatem consequatur.',1,'2018-02-02 07:00:09','2018-02-02 07:00:09'),
	(218,19,'Ms. Hilma Hyatt','Rerum iure aut laboriosam et. Et optio cupiditate animi soluta voluptatem. Recusandae sunt voluptatem qui nemo.',1,'2018-02-02 07:00:09','2018-02-02 07:00:09'),
	(219,19,'Ms. Lucy Smitham','Tenetur minima dolorem in voluptatibus dolorem id quis. Dolorem amet dolores sed. Eaque enim iste consequuntur amet mollitia.',0,'2018-02-02 07:00:09','2018-02-02 07:00:09'),
	(220,17,'Miss Carissa Schoen MD','Iste earum alias quae eum amet est sint. Nemo consequatur qui recusandae molestiae. Earum similique totam dolorem dolore qui pariatur impedit.',2,'2018-02-02 07:00:09','2018-02-02 07:00:09'),
	(221,22,'Justina Schiller','Et pariatur beatae voluptatem accusamus. Porro adipisci deleniti saepe et. Esse minus reiciendis animi deserunt sit vel doloremque. Qui architecto maiores optio voluptatem.',0,'2018-02-02 07:00:09','2018-02-02 07:00:09'),
	(222,14,'Miss Claire Breitenberg','Iure fugit nam ea dolore. Eius architecto enim omnis ullam. Minima non enim dolores voluptatem sunt necessitatibus rerum unde. Velit possimus velit quisquam provident nihil facilis assumenda aut.',1,'2018-02-02 07:00:09','2018-02-02 07:00:09'),
	(223,13,'Eli Yost','Rerum atque veritatis eum magnam aut dolore sunt. Temporibus totam et et et cum odio. Autem sit quia qui molestiae.',2,'2018-02-02 07:00:09','2018-02-02 07:00:09'),
	(224,31,'Prof. Rocio Weber','Dicta natus ullam voluptas officia eligendi illo. Dolor neque explicabo est voluptatum et dolore similique. Veniam distinctio eum sed ipsam sint nesciunt. Quam perspiciatis expedita amet itaque est.',1,'2018-02-02 07:00:09','2018-02-02 07:00:09'),
	(225,45,'Ophelia Mayert','Ipsum dolorem voluptatem labore. Cumque sunt quia dicta et molestiae. Aut pariatur quasi vel cumque. Illum ratione qui iusto veritatis sequi.',2,'2018-02-02 07:00:09','2018-02-02 07:00:09'),
	(226,5,'Miss Katlyn Jacobi DDS','Hic unde sint nulla sed. Tenetur voluptatem deserunt voluptatem fuga eveniet iste dolorum. Consequatur voluptas non quae quia.',0,'2018-02-02 07:00:09','2018-02-02 07:00:09'),
	(227,8,'Chris Lubowitz','Vel est qui fugiat in. Odit dignissimos porro et fuga omnis vel dolores. Pariatur nesciunt quo expedita fuga eum optio. Nihil eum sapiente ab totam vel vitae. Blanditiis libero veniam illo deserunt.',5,'2018-02-02 07:00:09','2018-02-02 07:00:09'),
	(228,27,'Monty Grant','Quam illum ipsum ratione. Perspiciatis incidunt saepe perspiciatis et animi aliquid. Sint et recusandae qui doloremque. Quaerat provident illum ducimus asperiores.',1,'2018-02-02 07:00:09','2018-02-02 07:00:09'),
	(229,36,'Alejandra Rempel','Vero molestiae eos perspiciatis qui nam. Est perspiciatis tenetur rerum nemo vel. Dolores eveniet repellendus sed suscipit. Quis ducimus quo dolorem facere. Est sapiente aliquid eaque aut numquam.',2,'2018-02-02 07:00:09','2018-02-02 07:00:09'),
	(230,49,'Elbert Satterfield','Temporibus ex similique veritatis qui dolorum. Sequi eaque aut qui aperiam molestiae asperiores nam enim. Ullam vel velit qui. Enim molestiae ipsam ut debitis dolor fugit occaecati.',0,'2018-02-02 07:00:09','2018-02-02 07:00:09'),
	(231,2,'Queen Fay','Possimus eligendi eum sit maxime quia numquam dolore. Iusto veritatis quisquam hic beatae minus alias. Ut reprehenderit veniam qui et sunt labore.',1,'2018-02-02 07:00:09','2018-02-02 07:00:09'),
	(232,20,'Miss Rosie Smitham','Et et autem laborum aperiam placeat. Expedita tempora voluptas et sunt. A eum iste tenetur qui quidem commodi. Iusto expedita ut sit soluta aut.',1,'2018-02-02 07:00:09','2018-02-02 07:00:09'),
	(233,42,'Tillman Brekke IV','Et voluptatibus veniam architecto voluptate eligendi. Dolore qui sunt amet sit at sunt. Voluptatem qui eos illum. Ut ex provident corrupti suscipit possimus.',1,'2018-02-02 07:00:09','2018-02-02 07:00:09'),
	(234,20,'Modesta Pacocha','Aut ut doloremque veniam perspiciatis sunt qui qui. Quisquam neque amet reiciendis eum est. Sint est consequuntur et pariatur. Doloremque delectus perspiciatis commodi qui quidem ea consequatur.',3,'2018-02-02 07:00:09','2018-02-02 07:00:09'),
	(235,9,'Dr. Laury Koepp','Sunt iure placeat voluptatibus sequi velit totam distinctio nostrum. Quia quibusdam fugit ipsa minus.',3,'2018-02-02 07:00:09','2018-02-02 07:00:09'),
	(236,43,'Dr. Corrine Fay','Perspiciatis qui ab modi placeat aut minima tenetur. Ea porro recusandae aperiam accusamus. Voluptatibus aut et eos earum et. Enim distinctio enim voluptatibus illo tempora.',1,'2018-02-02 07:00:09','2018-02-02 07:00:09'),
	(237,41,'Juvenal Volkman','Id consectetur earum tenetur sunt deleniti odit. Explicabo dolorem at nostrum nesciunt eveniet. Fugit deserunt neque quasi qui. Rerum veniam et placeat minima.',2,'2018-02-02 07:00:09','2018-02-02 07:00:09'),
	(238,32,'Mireya Cronin','Quaerat eius itaque et rerum eaque. Sint qui corporis error placeat ullam. Voluptatem reprehenderit id velit saepe dolor. Quisquam architecto saepe in alias ab accusantium officiis aliquid.',4,'2018-02-02 07:00:09','2018-02-02 07:00:09'),
	(239,42,'Adella Keebler','Ea voluptatum odit non magnam. Sed reiciendis ullam qui cumque. Sint totam omnis nihil ex. Iusto et libero culpa enim quia ut deleniti.',0,'2018-02-02 07:00:09','2018-02-02 07:00:09'),
	(240,5,'Ole Crona','Temporibus quo delectus eos et non ducimus. Fugit et et perspiciatis sed tempore illo eligendi corrupti. Est neque et cumque ullam.',4,'2018-02-02 07:00:09','2018-02-02 07:00:09'),
	(241,18,'Mrs. Johanna Aufderhar DVM','Deserunt eum et sit consequatur excepturi possimus numquam. Nostrum sint qui sunt qui unde ullam. Nobis qui voluptatem in eos quo.',3,'2018-02-02 07:00:09','2018-02-02 07:00:09'),
	(242,48,'Chance Marks','Doloremque repellat ut inventore qui minus ab qui. Voluptatem suscipit quo quia rem. Sed architecto saepe consequatur quo. Exercitationem quia distinctio laborum aut mollitia reiciendis.',0,'2018-02-02 07:00:09','2018-02-02 07:00:09'),
	(243,22,'Ena Ebert','Sapiente officia ullam vel quis eos dolor. Maiores dolorem veritatis adipisci. Dolor magni quo quisquam sit ullam.',5,'2018-02-02 07:00:09','2018-02-02 07:00:09'),
	(244,49,'Prof. Garnett Marks','Rem sed aliquam nihil hic consequatur voluptates. Deleniti perspiciatis consequuntur est vitae qui rem voluptates. Saepe excepturi nihil harum et ducimus et.',2,'2018-02-02 07:00:09','2018-02-02 07:00:09'),
	(245,43,'Gussie McClure','Veniam consequatur quia officia ut asperiores at. Nostrum optio ut voluptatem. Ullam ipsam error assumenda facilis officiis voluptates facere dolor.',5,'2018-02-02 07:00:09','2018-02-02 07:00:09'),
	(246,16,'Jordane Watsica','Ratione eum illo accusamus quos consectetur. Consequuntur voluptatibus excepturi dicta error deserunt nisi. Tempora voluptas corporis dignissimos delectus quasi. Sequi magni inventore voluptatem et molestiae expedita. Explicabo et dolores quaerat.',5,'2018-02-02 07:00:09','2018-02-02 07:00:09'),
	(247,10,'Ernest Kuhn','Asperiores at et ea et omnis dolorem et. Quia qui qui adipisci totam voluptas ducimus quia. Asperiores officiis provident in temporibus. Explicabo doloribus reprehenderit quia harum dolorem veritatis.',1,'2018-02-02 07:00:09','2018-02-02 07:00:09'),
	(248,44,'Dr. Clarabelle Beer MD','Porro qui ullam maxime praesentium necessitatibus minus cupiditate ipsum. Error quis aut cum est est itaque cum rerum. Vel eveniet praesentium non quia aut. Cum illo inventore libero.',4,'2018-02-02 07:00:09','2018-02-02 07:00:09'),
	(249,32,'Dr. Freeman Leffler DVM','Laudantium numquam dolorum minima suscipit officia labore soluta. Sit officiis libero aliquid aliquam qui nemo. Nostrum optio dicta porro magni.',0,'2018-02-02 07:00:09','2018-02-02 07:00:09'),
	(250,37,'Terry Herzog DDS','Facilis pariatur ab voluptatum et adipisci magnam. Consequuntur qui placeat illum voluptas. Blanditiis est accusantium hic.',1,'2018-02-02 07:00:09','2018-02-02 07:00:09'),
	(251,38,'Keeley Koepp','Accusamus commodi iste voluptatem eos ducimus exercitationem natus. Quia atque dolorum ex porro laboriosam minus omnis. Quia maxime accusamus hic accusamus.',0,'2018-02-02 07:00:09','2018-02-02 07:00:09'),
	(252,9,'Maia Becker','Eligendi modi dolore odio laborum officiis odit. Suscipit expedita quis ut voluptatibus. Minus sequi repellat soluta consequatur.',3,'2018-02-02 07:00:09','2018-02-02 07:00:09'),
	(253,14,'Dedric Feeney','Et quidem porro error voluptatum asperiores quia porro quis. Et veritatis nobis ea dolore. Mollitia iure et nihil provident.',5,'2018-02-02 07:00:09','2018-02-02 07:00:09'),
	(254,20,'Genevieve Wilkinson','Aperiam omnis consequatur qui non qui qui est. Cumque nemo beatae quod labore qui ullam ipsum eaque. Nulla assumenda sit mollitia dolor facere ut laboriosam cumque. Facilis quidem rerum magnam animi et.',1,'2018-02-02 07:00:09','2018-02-02 07:00:09'),
	(255,18,'Miss Ayla Hessel I','Soluta alias harum repudiandae et. Voluptates qui magnam porro est aliquam. Alias recusandae quis ipsum. Reprehenderit quia est omnis impedit sunt consequatur voluptatem asperiores.',0,'2018-02-02 07:00:09','2018-02-02 07:00:09'),
	(256,20,'Willie Dietrich','Itaque perferendis illum sequi eius accusantium. Illo iusto facilis aperiam illo. Excepturi sit aut esse commodi dolorum. Ut dolorem omnis quo nisi sit.',5,'2018-02-02 07:00:09','2018-02-02 07:00:09'),
	(257,11,'Vance Witting I','Sed laudantium fugit aut doloremque. Consequatur autem consequuntur neque rerum nesciunt. Voluptas magni reiciendis neque dolor velit et aut sed. Ipsa quia voluptatem ut corporis. Et est dolore non id enim possimus in est.',3,'2018-02-02 07:00:09','2018-02-02 07:00:09'),
	(258,30,'Skyla Lebsack','Itaque sed voluptatum id facere itaque. Maxime neque exercitationem sapiente ad doloremque aperiam aliquam aspernatur.',5,'2018-02-02 07:00:09','2018-02-02 07:00:09'),
	(259,33,'Rodger Metz','Eaque est corporis sit. Illo ipsum quis aut.',2,'2018-02-02 07:00:09','2018-02-02 07:00:09'),
	(260,35,'Eldred Beatty','Reprehenderit placeat voluptatem optio voluptatibus perspiciatis unde. Nobis sint laudantium consequatur sit in. Earum aspernatur qui id natus sed. Dolores cupiditate provident voluptates perspiciatis excepturi recusandae.',2,'2018-02-02 07:00:09','2018-02-02 07:00:09'),
	(261,1,'Antwan Brakus','Similique libero fugiat inventore et. Voluptatum quod aspernatur dolor culpa minima. Quia libero vitae iure non. Quia tempore est earum perspiciatis doloremque doloremque repellendus.',4,'2018-02-02 07:00:09','2018-02-02 07:00:09'),
	(262,31,'Christa Fahey','Reiciendis natus minima ratione maxime sit veniam eum. Harum id consequatur sapiente. Nesciunt nemo fuga aliquid et voluptatem ut quis. Asperiores sunt ut sed.',1,'2018-02-02 07:00:09','2018-02-02 07:00:09'),
	(263,49,'Syble Larkin','Non a ea commodi repudiandae est eligendi non. Aut ut dolor unde at unde. Autem architecto consectetur nisi consequuntur nam et sed. Quas dolores impedit repellendus quibusdam.',2,'2018-02-02 07:00:09','2018-02-02 07:00:09'),
	(264,15,'Frederique O\'Conner','Eum eum minima molestiae asperiores earum temporibus quam incidunt. Corrupti qui in eveniet illo natus consequatur. Earum reiciendis quis porro omnis. Rerum atque dolore accusamus quidem omnis vitae.',2,'2018-02-02 07:00:09','2018-02-02 07:00:09'),
	(265,3,'Gladyce Wiza','Quaerat minus velit qui eligendi. Aperiam saepe iste voluptate et soluta earum. Earum possimus qui dolores quis deleniti officia.',3,'2018-02-02 07:00:09','2018-02-02 07:00:09'),
	(266,25,'Dr. Pierce Schuster','Non velit soluta quaerat officia ut alias omnis sunt. Et autem voluptas ipsa architecto. Expedita quis facere modi quod qui corrupti id. Et suscipit eum architecto sed facere tempore eius.',5,'2018-02-02 07:00:09','2018-02-02 07:00:09'),
	(267,2,'Dominique Kovacek','Suscipit est consequatur quae totam maxime ducimus esse. Quo ducimus ut voluptatum nemo aut. Officia excepturi harum vero id.',5,'2018-02-02 07:00:09','2018-02-02 07:00:09'),
	(268,21,'Miller Hartmann Jr.','Voluptatum et porro quo non. Rem aut illo debitis quis alias. Recusandae inventore molestiae beatae vel ut qui autem. Repellat aspernatur et eum incidunt aut.',2,'2018-02-02 07:00:09','2018-02-02 07:00:09'),
	(269,18,'Vada Schuster','Dolore sunt dolorem aut temporibus. Eveniet distinctio provident fugiat adipisci quaerat perferendis molestiae. Qui laboriosam doloribus odio perspiciatis quaerat itaque. Ipsum id voluptas recusandae. Nobis ipsa sed dolore eveniet tempore culpa.',5,'2018-02-02 07:00:09','2018-02-02 07:00:09'),
	(270,9,'Madeline Buckridge Sr.','Quaerat ad qui earum. Iusto non qui laboriosam cupiditate atque non sint. Natus nemo expedita aut.',5,'2018-02-02 07:00:09','2018-02-02 07:00:09'),
	(271,49,'Prof. Ima Goyette DDS','Ratione eos eum similique corporis voluptatem excepturi. Non repudiandae nemo consequatur necessitatibus eos. Nesciunt aliquam reiciendis ea tempora.',2,'2018-02-02 07:00:09','2018-02-02 07:00:09'),
	(272,8,'Jennyfer Bogisich','Enim ea sit non ex. Quam non ut nostrum necessitatibus. Ea expedita laudantium quia itaque.',3,'2018-02-02 07:00:09','2018-02-02 07:00:09'),
	(273,36,'Keira Padberg','Omnis placeat ipsum aut incidunt ipsum ea sed. Qui accusamus dicta fugit aut doloribus ut aperiam. Vero voluptatem est voluptatem qui modi.',1,'2018-02-02 07:00:09','2018-02-02 07:00:09'),
	(274,40,'Lea Jacobs Jr.','Rem labore est tempore sit et debitis. Earum ab atque ex in deleniti et. Voluptatem optio deserunt odit eligendi ab.',3,'2018-02-02 07:00:09','2018-02-02 07:00:09'),
	(275,34,'Berenice O\'Keefe','Sed eaque vero repellat delectus quaerat pariatur perferendis. Aut alias aut et corporis qui. Et qui et molestias repellendus libero culpa. Harum ex voluptas earum nam.',4,'2018-02-02 07:00:09','2018-02-02 07:00:09'),
	(276,6,'Norris Huels','Et aut eum corrupti expedita non ut. Quo quis eum non et. Unde sed ex voluptate ducimus est. Fugit nam occaecati quaerat maiores quam libero.',4,'2018-02-02 07:00:09','2018-02-02 07:00:09'),
	(277,50,'Manley Von','Explicabo velit accusamus dignissimos minus assumenda accusantium vel. Non quasi omnis veniam deleniti accusantium dolorem voluptas. Magnam consequatur numquam eius distinctio qui sit accusantium. Consequatur voluptatem id quis. Tempora consequatur architecto rem commodi.',1,'2018-02-02 07:00:09','2018-02-02 07:00:09'),
	(278,16,'Miss Erika Altenwerth','Aut tenetur non ut eum nesciunt placeat quia ullam. Atque ad numquam omnis qui minima possimus sint. Quasi iusto illum dolorum recusandae quisquam officia aut excepturi.',4,'2018-02-02 07:00:09','2018-02-02 07:00:09'),
	(279,32,'Raymundo Beer PhD','Quod quis iusto cumque aut eum in in. Officia omnis ducimus autem non. Libero dolore voluptas nam. Velit qui consequuntur maxime voluptatem minima eum. Ut ad debitis ipsum eos.',2,'2018-02-02 07:00:09','2018-02-02 07:00:09'),
	(280,35,'Clint Moore','Tempore a quia sapiente et molestias animi. Neque quia ipsam doloribus optio ut. Recusandae harum possimus rerum. Sed blanditiis rerum sed laborum excepturi.',2,'2018-02-02 07:00:09','2018-02-02 07:00:09'),
	(281,10,'Hilda Koelpin','Voluptatem magnam nobis animi eius quia consequatur. Vel et soluta tenetur sequi ea laudantium. Ad nihil esse aliquam quo minima dolores culpa. Est rerum nobis fugiat.',5,'2018-02-02 07:00:09','2018-02-02 07:00:09'),
	(282,43,'Logan Waelchi','Ea delectus et harum est sunt inventore sit. Optio cum tenetur eaque aut ut maxime. Aut adipisci dicta nobis provident dolor. Aliquam quia commodi illum labore architecto quo.',4,'2018-02-02 07:00:09','2018-02-02 07:00:09'),
	(283,31,'Virgil Welch Sr.','Beatae ducimus est voluptatem maiores aut voluptas. Omnis voluptate voluptatibus et aut unde quo corporis. Doloribus voluptas distinctio excepturi ut est esse.',5,'2018-02-02 07:00:09','2018-02-02 07:00:09'),
	(284,38,'Wilburn Greenholt','Nisi cupiditate tempore ea. Quis dolores ut dolore tempora enim aut. Voluptate fugiat laudantium consequuntur nostrum. Qui porro non voluptatem aliquid dolorum.',4,'2018-02-02 07:00:10','2018-02-02 07:00:10'),
	(285,27,'Ms. Polly Bashirian','Atque facilis velit ut reprehenderit commodi id. Debitis in ipsam quia corrupti aut. Et laborum id exercitationem sit.',3,'2018-02-02 07:00:10','2018-02-02 07:00:10'),
	(286,22,'Darren Bins DDS','Alias neque harum est delectus. Doloribus magnam et maxime nesciunt eligendi. Necessitatibus molestias maiores et illum quibusdam itaque ducimus.',0,'2018-02-02 07:00:10','2018-02-02 07:00:10'),
	(287,31,'Camila Cartwright Sr.','Et quasi facere veritatis aliquid dolorum. Nobis quas occaecati doloremque quas et magnam aliquid. Quis nobis et eum cupiditate magnam.',4,'2018-02-02 07:00:10','2018-02-02 07:00:10'),
	(288,21,'Dr. Fiona Bayer Jr.','Sapiente soluta autem aut sint consectetur aliquam non. Ut consequatur nisi impedit animi velit pariatur. Aut eveniet quaerat aspernatur sunt ut aperiam laborum aspernatur.',0,'2018-02-02 07:00:10','2018-02-02 07:00:10'),
	(289,28,'Johathan Ankunding','Neque laudantium neque qui adipisci quisquam sint. Odit iste error aspernatur et. Sit sit debitis odit saepe perferendis illum omnis. Voluptatibus necessitatibus odio enim rerum.',0,'2018-02-02 07:00:10','2018-02-02 07:00:10'),
	(290,29,'Susie Koch','In quisquam sint doloribus qui voluptatem commodi. Cupiditate illo soluta et ut omnis accusamus dolorem. Itaque dolores dolorem ut odit. Rem consectetur molestiae impedit nihil nam sapiente dolorem.',1,'2018-02-02 07:00:10','2018-02-02 07:00:10'),
	(291,10,'Palma White','Non quos sit vel impedit necessitatibus velit qui iste. Dolor pariatur voluptates a. Non repellat dolorum dolores sint tempore perspiciatis. Facere accusantium illo aut blanditiis dolor dignissimos molestiae.',0,'2018-02-02 07:00:10','2018-02-02 07:00:10'),
	(292,19,'Rashawn Wunsch','Omnis consectetur eligendi perferendis culpa aut. Voluptates nam reprehenderit odio in culpa quas quasi. Sequi ipsam eum fugit ipsa eos qui.',4,'2018-02-02 07:00:10','2018-02-02 07:00:10'),
	(293,33,'Alejandrin Auer','Enim distinctio ducimus quae qui nihil ipsa. Ad et nostrum debitis quia reiciendis consequatur temporibus alias. Dignissimos voluptatibus blanditiis aut ducimus et at. Et et fugit quis et et.',0,'2018-02-02 07:00:10','2018-02-02 07:00:10'),
	(294,34,'Sarina Hane','Et distinctio iusto aut distinctio deleniti. Quia hic eaque voluptates perspiciatis voluptatum accusantium harum. Numquam explicabo voluptatem quam.',2,'2018-02-02 07:00:10','2018-02-02 07:00:10'),
	(295,40,'Nels Shields','Adipisci et sed reprehenderit consequatur dolores. Eos quisquam earum tempora perferendis corporis deserunt praesentium aut. Ut et quasi assumenda sed sint inventore et.',5,'2018-02-02 07:00:10','2018-02-02 07:00:10'),
	(296,47,'Ottis Schultz DDS','Excepturi similique et et itaque excepturi vitae id. Aliquid voluptas expedita quas fugit ipsum qui voluptas. Rerum et recusandae et. Omnis repellat quidem soluta porro itaque vel officiis.',2,'2018-02-02 07:00:10','2018-02-02 07:00:10'),
	(297,36,'Miss Joana O\'Reilly','Accusantium est et saepe vel earum. Iure sed non velit recusandae iure enim incidunt magni. Provident reprehenderit dolorum laborum. Qui laborum repellat et consequatur voluptate et.',2,'2018-02-02 07:00:10','2018-02-02 07:00:10'),
	(298,12,'Chaim Dare','Autem quo accusantium voluptatem tenetur consequatur fuga iste. Voluptatem et eos autem odio molestiae qui est. Dolor nemo animi repudiandae hic facere a fugit consequuntur.',0,'2018-02-02 07:00:10','2018-02-02 07:00:10'),
	(299,44,'Prof. Ashleigh Becker','Et ex ex voluptas omnis voluptates assumenda. Natus rerum vero fugiat qui autem nihil.',5,'2018-02-02 07:00:10','2018-02-02 07:00:10'),
	(300,43,'Burnice Hahn','Qui aut maiores ullam veritatis dignissimos. Nemo eum et debitis ea. Velit atque qui voluptatem inventore soluta. Quae fugiat sit pariatur eos.',0,'2018-02-02 07:00:10','2018-02-02 07:00:10');

/*!40000 ALTER TABLE `reviews` ENABLE KEYS */;
UNLOCK TABLES;


# Dump of table users
# ------------------------------------------------------------

DROP TABLE IF EXISTS `users`;

CREATE TABLE `users` (
  `id` int(10) unsigned NOT NULL AUTO_INCREMENT,
  `name` varchar(191) COLLATE utf8mb4_unicode_ci NOT NULL,
  `email` varchar(191) COLLATE utf8mb4_unicode_ci NOT NULL,
  `password` varchar(191) COLLATE utf8mb4_unicode_ci NOT NULL,
  `remember_token` varchar(100) COLLATE utf8mb4_unicode_ci DEFAULT NULL,
  `created_at` timestamp NULL DEFAULT NULL,
  `updated_at` timestamp NULL DEFAULT NULL,
  PRIMARY KEY (`id`),
  UNIQUE KEY `users_email_unique` (`email`)
) ENGINE=InnoDB DEFAULT CHARSET=utf8mb4 COLLATE=utf8mb4_unicode_ci;




/*!40111 SET SQL_NOTES=@OLD_SQL_NOTES */;
/*!40101 SET SQL_MODE=@OLD_SQL_MODE */;
/*!40014 SET FOREIGN_KEY_CHECKS=@OLD_FOREIGN_KEY_CHECKS */;
/*!40101 SET CHARACTER_SET_CLIENT=@OLD_CHARACTER_SET_CLIENT */;
/*!40101 SET CHARACTER_SET_RESULTS=@OLD_CHARACTER_SET_RESULTS */;
/*!40101 SET COLLATION_CONNECTION=@OLD_COLLATION_CONNECTION */;
